"ID","Progress","Duration..in.seconds.","Finished","RecordedDate","prolificID","age","LangChoice","Expertise","Experience.months","X1_Q38_Page.Submit","X1_Q39_Page.Submit","X1_code.recall.control","X2_Q38_Page.Submit","X2_Q39_Page.Submit","X2_code.recall.control","X3_Q38_Page.Submit","X3_Q39_Page.Submit","X3_code.recall.control","X4_Q38_Page.Submit","X4_Q39_Page.Submit","X4_code.recall.control","X5_Q38_Page.Submit","X5_Q39_Page.Submit","X5_code.recall.control","X1_Q37_Page.Submit","X1_Q40_Page.Submit","X1_Code.Recall.Exp.","X2_Q37_Page.Submit","X2_Q40_Page.Submit","X2_Code.Recall.Exp.","X3_Q37_Page.Submit","X3_Q40_Page.Submit","X3_Code.Recall.Exp.","X4_Q37_Page.Submit","X4_Q40_Page.Submit","X4_Code.Recall.Exp.","X5_Q37_Page.Submit","X5_Q40_Page.Submit","X5_Code.Recall.Exp.","codeUnderstandFree","Q50","Q52","Q54","Q56","CPSES_1","CPSES_2","CPSES_3","CPSES_4","CPSES_5","CPSES_6","CPSES_7","CPSES_8","CPSES_9","CPSES_10","CPSES_11","CPSES_12","CPSES_13","CPSES_14","CPSES_15","CPSES_16","PAS.YILDIRIM.OZDENER_1","PAS.YILDIRIM.OZDENER_2","PAS.YILDIRIM.OZDENER_3","PAS.YILDIRIM.OZDENER_4","PAS.YILDIRIM.OZDENER_5","PAS.YILDIRIM.OZDENER_6","PAS.YILDIRIM.OZDENER_7","PAS.YILDIRIM.OZDENER_8","PAS.YILDIRIM.OZDENER_9","PAS.YILDIRIM.OZDENER_10","PAS.YILDIRIM.OZDENER_11","Math.Anxiety_1","Math.Anxiety_2","Math.Anxiety_3","Math.Anxiety_4","Math.Anxiety_5","Math.Anxiety_6","Math.Anxiety_7","Math.Anxiety_8","Math.Anxiety_9","Math.Anxiety_10","Math.Anxiety_11","Math.Anxiety_12","Math.Anxiety_13","Growth.Mindset_1","Growth.Mindset_2","Growth.Mindset_3","Growth.Mindset_4","Growth.Mindset_5","Growth.Mindset_6","Growth.Mindset_7","Primary.Language","Primary.Language_8_TEXT","Education","Education_4_TEXT","Education_5_TEXT","Education_6_TEXT","Current.Title","Current.Title_14_TEXT","gender","gender_4_TEXT","race.eth","race.eth_8_TEXT","GenAiFree","AnythingElseFree","CPSES_COMP","PAS_COMP","MA_COMP","MIND_COMP","torr_1","torr_2","torr_3","torr_4","torr_sum","self_exp_num"
1,"100","1907","True","2026-05-20 15:00:24","656f97b81b51c257c08d6e51","24","Java","Closer to the average or mid-level programmer","60","120.013","180.124","public static void main(){
int number1=20
int number2=15
System.out.print(compute(number1,number2));
}
public static int compute(int number1, int number2){
int temp = number1;
while(temp!=0){
if(number1<number2){
temp=number1;
number1=number2;
number2=temp;
}
temp=number1%number2;
if(temp!=0){
number1=number2;
number2=temp;
}
}
return number2;
}","120.013","180.015","public static void main(){
int number1=20
int number2=15
System.out.print(compute(number1,number2));}
public static int compute(int number1, int number2){
int temp = number1;
while(temp!=0){
if(number1<number2){
temp=number1;
number1=number2;
}}}","120.012","180.012","public static void main(){
int number1=20
int number2=15
System.out.print(compute(number1,number2));
}
public static int compute(int number1, int number2){
int temp = number1;
while(temp!=0){
if(number1<number2){
temp=number1;
number1=number2;
number2=temp;
}
temp=number1%number2;
if(temp!=0){
number1=number2;
number2=temp;
}
}
return number2;
}","120.013","180.01","public static void main(){
int number1=20
int number2=15
System.out.print(compute(number1,number2));
}
public static int compute(int number1, int number2){
int temp = number1;
while(temp!=0){
if(number1<number2){
temp=number1;
number1=number2;
number2=temp;
}
temp=number1%number2;
if(temp!=0){
number1=number2;
number2=temp;
}
}
return number2;
}","120.017","180.015","public static void main(){
int number1=20
int number2=15
System.out.print(compute(number1,number2));
}
public static int compute(int number1, int number2){
int temp = number1;
while(temp!=0){
if(number1<number2){
temp=number1;
number1=number2;
number2=temp;
}
temp=number1%number2;
if(temp!=0){
number1=number2;
number2=temp;
}
}
return number2;
}","","","","","","","","","","","","","","","","The code is a famous algorithm which is the Euclidean algorithm used to find the gcd of two numbers.","A","D","D","A",5,6,5,5,6,5,5,4,5,5,6,6,6,6,6,6,4,3,4,4,3,4,3,3,2,3,2,3,2,2,3,3,2,3,4,6,3,4,8,4,3,3,5,3,2,3,2,"Java","","Bachelor’s degree. Please list the name of your degree(s)","","Bachelor of Engineering in Computer Science","","Software Developer/Software Engineer","","Male","","Asian","","I think it increases the productivity of developers but I feel that using it in the long run it also increases the dependency of the developer on using AI to write code.","No",5.4375,3.18181818181818,3.63636363636364,3,1,1,1,0,3,3
2,"100","3173","True","2026-05-20 15:17:21","67aa54c162dc637de018fe18","43","Python","Closer to a senior programmer or software architect","55","","","","","","","","","","","","","","","","120.01","180.008","     return number2;
 int main() { ... }
  number1=number2;
int number2= 15;
   if (number1<number2)  {
while 




","65.803","180.109","    return number2:
int main(){
               number1=number2:
int number2=15:
     if (number1<number2) {
while (temp !=","120.007","180.017","      return number2;
int main() {
              number1=number2
    int number2=15;
    if (number1< numb","120.117","180.015","      return number2:
int main() {
number1=number2:
int number2=15:
if nume","120.016","180.014","     return number2;

 int main() { ... }
 
     number1 = number2;

int number2 = 15;

     if (number1 < number2) { 
while (temp != 0) {}
 int temp = number1; 
temp = number1;
 }
int compute(int number1, int number2) {
   number2=temp;
int number1=20;
  temp
","The code I  just saw doesn’t appear to be a functional program but rather a deliberately confusing snippet meant to test memory and reasoning. It mixes valid C++ syntax with invalid structure, such as starting with return number2; outside of any function, redeclaring variables multiple times, and defining a compute() function inside main(). Conceptually, it looks like it is trying to shuffle values between number1, number2, and temp, using conditionals, a modulus operation, and even a recursive call to compute() with cout. Overall, the snippet doesn’t compile or perform a meaningful task, but it seems designed to challenge recall by forcing one to notice unusual ordering, variable shadowing, and recursion rather than to execute a real computation.","A","D","A","B",6,6,5,5,6,6,6,5,5,6,6,6,6,5,6,5,1,1,2,2,1,1,2,2,1,3,2,2,1,2,3,2,1,2,6,5,4,3,6,2,1,2,1,1,1,2,1,"Python","","Graduate or professional degree (MA, MS, MBA, PhD, JD, MD, DDS etc.) Please list the name of your degree(s).","","","Masters","Software Developer/Software Engineer","","Male","","Black or African American","","Generative AI in computer science classrooms and workplaces can be both empowering and disruptive: it accelerates learning and productivity by providing instant feedback, automating repetitive coding tasks, and enabling rapid prototyping, but it also risks fostering over reliance, weakening fundamental skill development, and introducing errors or insecure code if outputs are not carefully reviewed; in classrooms it challenges traditional assessment methods, while in workplaces it shifts demand away from entry level coding toward oversight and integration, meaning its overall impact depends on whether it is used as a supportive tool to enhance human expertise or as a shortcut that undermines it.","",5.625,1.63636363636364,3.18181818181818,1.28571428571429,1,1,0,0,2,4
3,"100","3205","True","2026-05-20 15:23:13","6638e8aa3d1f38846080806a","27","Python","Closer to a senior programmer or software architect","72","120.106","180.111","def main():
number1 = 20
number2 = 15

print(compute(number1, number2))

def compute(number1, number2):
temp = number1
while temp != 0:
    number1 = number2
    number2 = temp
temp = number1%number2
if temp != 0L
    number1 = number","120.008","180.111","def main():
  number1 = 20
  number2 = 15
  
  print(compute(number1, number2)
  
  def compute(number1, number2):
       temp = number1
       while temp != 0:
             if number1 < number2:
                 temp = number1
                 number1 = number2
                 number2 = temp
            temp = number1%number2
            if temp != 0
                 number1 = number2
                 number2 = temp
           return number2","120.112","180.01","def main():
   number1 = 20
   number2 = 15
   print(compute(number1, number2))
def compute(number1, number2):
   temp = number1
   while temp != 0:
      if number1 < number2:
         temp = number1
         number1 = number2
         number2 = temp
      temp = number1 % number2
      if temp != 0:
         number1 = number2
         number2 = temp
   return number2","120.11","180.008","def main():
number1 = 20
number2 = 15
print(compute(number1, number2))

def compute(number1, number2)
  temp =  number1
  while temp!=0:
    if number1 < number2:
      temp=number1
      number1 = number2
      number2 = temp
    temp = number1 % number2
    if temp != 0:
      number1 = number2
      number2 = temp
return number2","120.005","180.004","def ,main():
number1 = 20
number2 = 15
print(compute(number1, number2)

def compute(number1, number2):
    temp = number1
    while temp!= 0:
        if number1 < number2:
           temp = number1
           number1 = number2
           number2 = temp
       temp = number1 % number2
       if temp != 0:
           numb","","","","","","","","","","","","","","","","It is basically trying to make temp to reach 0 from a certain number1 value","A","D","D","C",6,6,6,6,6,6,6,6,1,6,6,6,6,6,6,6,3,3,3,3,2,2,2,2,3,3,3,6,6,6,6,6,6,6,6,6,6,6,6,6,1,1,6,1,6,1,6,"Python","","Bachelor’s degree. Please list the name of your degree(s)","","Computer Engineering","","Software Developer/Software Engineer","","Male","","Hispanic or Latino,White","","It is positive as an assistant tool to be used to assist you at work","no",5.6875,2.63636363636364,6,3.14285714285714,1,1,1,1,4,4
4,"100","2204","True","2026-05-20 15:48:30","6639047d6cee07457d9c13dc","67","Python","Closer to a senior programmer or software architect","200","","","","","","","","","","","","","","","","120.017","180.047","int compute(int number1, int number2) {

    int temp;

    while (temp != 0) {

        temp = number1 % number2;
        number1 = number2;

        if (temp != 0) {
            number2 = temp;
        }
    }

    return number2;
}

int main() {

    int number1 = 20;
    int number2 = 15;

    if (number1 < number2) {

        int temp = number1;
        temp = number1;
    }

    cout << compute(number1, number2);
}","120.201","180.235","int compute(int number1, int number2) {

    int temp;

    while (temp != 0) {

        temp = number1 % number2;
        number1 = number2;
        number2 = temp;
    }

    return number2;
}

int main() {

    int number1 = 20;
    int number2 = 15;

    if (number1 < number2) {

        int temp = number1;
        temp = number1;
    }

    cout << compute(number1, number2);
}","120.032","180.075","int compute(int number1, int number2) {

    int temp;

    while (temp != 0) {
        temp = number1 % number2;
        number1 = number2;
    }

    return number2;

int main() {

    int number1 = 20;
    int number2 = 15;

    if (number1 < number2) {

        int temp = number1;
        temp = number1;

    }

    cout << compute(number1, number2);

    number2 = temp;
}","120.18","180.198","int compute(int number1, int number2) {

    int temp;

    while (temp != 0) {

        temp = number1 % number2;
        number1 = number2;
        number2 = temp;
    }

    return number2;
}

int main() {

    int number1 = 20;
    int number2 = 15;

    if (number1 < number2) {

        int temp = number1;
        temp = number1;
    }

    cout << compute(number1, number2);

}","120.189","180.092","int compute(int number1, int number2) {
    int temp;

    while (temp != 0) {
        temp = number1 % number2;
        number1 = number2;
        number2 = temp;
    }

    return number2;
}

int main() {
    int number1 = 20;
    int number2 = 15;

    if (number1 < number2) {
        int temp = number1;
        temp = number1;
    }

    cout << compute(number1, number2);
}","The code was basically comparing two numbers using a loop and remainders until it found the final answer, then printed it out.","A","A","D","B",6,6,5,5,6,6,6,6,6,6,6,6,6,6,6,6,1,1,1,1,1,1,1,1,1,1,1,1,2,1,1,1,1,1,4,1,3,1,1,1,1,1,1,1,1,1,1,"Python","","Graduate or professional degree (MA, MS, MBA, PhD, JD, MD, DDS etc.) Please list the name of your degree(s).","","","","Software Developer/Software Engineer","","Female","","Black or African American","","It helps programmers by speeding up coding, debugging, and learning. The downside is that people can become too dependent on it and sometimes trust incorrect code without checking it.","The study went smoothly. ",5.875,1,1.54545454545455,1,1,0,1,0,2,4
5,"100","1331","True","2026-05-20 16:41:23","5f919274b5383b00096b0295","33","Python","Closer to the average or mid-level programmer","80","16.953","50.889","def main():
number1=20
number2=15
print(compute(number1,number2)
def(compute(number1,number2):
temp=number1
while temp!=0
if number1<number2:
temp=number1
number1=number2
number2=temp
temp=number1% number2
if temp!=0:
number1=number2
number2=temp
return number2","26.841","141.566","def main():
number1=20
number2=15
print(compute(number1,number2)
temp=number1
while temp!=0
if number1>number2:
temp=number1
number1=number2
number2=temp","18.422","118.727","def main():
number1=20
number2=15
print(compute(number1,number2)
temp=number1
while temp!=0
if number1<number2:
temp=number1
number1=number2
number2=temp
temp=number1% number2
if temp!=0:
number1=number2
number2=temp
return number2","120.013","180.018","def main():
number1=20
number2=15
print(compute(number1,number2)
def compute(number1,number2):
while temp=0

","17.572","30.588","def main():
number1=20
number2=15
print(compute(number1,number2)
def compute(number1,number2):
temp=number1
while temp!=0
if number1<number2:
temp=number1
number1=number2
number2=temp
temp=number1% number2
if temp!=0:
number1=number2
number2=temp
return number2","","","","","","","","","","","","","","","","there are 2 values number1 and number 2. Temp temporaryly keep the numbers and check while they are =0 or not and give conditions accordingly and print ","A","C","D","A",6,6,6,6,6,5,6,5,2,5,5,5,6,5,5,6,4,4,5,4,4,3,3,4,4,3,3,4,2,4,3,4,4,4,3,2,5,4,5,4,4,3,3,2,2,4,4,"Python","","Graduate or professional degree (MA, MS, MBA, PhD, JD, MD, DDS etc.) Please list the name of your degree(s).","","","msc and phd","Software Team Lead or Manager","","Female","","Middle Eastern or North African","","I think it is good if you use in a rigth way but it is challenging to define what the right way is. Student can learn via the AI feedback for their codes or anything they are not sure or struggle so it is like their best friend to help","",5.3125,3.72727272727273,3.63636363636364,3.14285714285714,1,0,1,0,2,3
6,"100","1817","True","2026-05-20 16:44:16","5d5575339025920017fd271f","24","Python","Closer to the average or mid-level programmer","50","120.939","183.956","def main():
    number1 = 20
    number2 = 15
    print(compute(number1, number2))

def compute(number1, number2):
    temp = number1
    while temp != 0:
        if number1 < number2:
             temp = number1
              number1 = number2
             number2 = temp

        temp = number1 % number2

          if temp != 0:
             number1 = number2
             number2 = temp

    return number2","120.031","180.037","def main():
     number1 = 20
     number2 = 15
     compute(number1, number2)

def compute(number1, number2):
     temp = number1
     while temp != 0:
          if number2 > number1:
                temp = number2
                number2 = number1
           if temp !=
","81.498","83.346","def main():
    number1 = 20
    number2 = 15
    print(compute(number1, number2))

def compute(number1, number2):
     temp = number1
    while temp != 0:
        if number1 < number2:
            temp = number1
             number1 = number2
             number2 = temp

        temp = number1 % number2

        if temp != 0:
             number1 = number2
             number2 = temp

    return number2","120.019","180.117","def main():
    number1 = 20
    number2 = 15
    print(compute(number1, number2))

def compute(number1, number2):
    temp = number1
      while temp != 0:
         if number1 < number2:
            temp = number2
            number2 = number1
            number1 = temp

        temp = number1 / number2

        if temp != 0:
            number1 = number2
            number2 = temp

    r eturn number2","61.203","79.993","def main():
    number1 = 20
    number2 = 15
    print(compute(number1, number2))

def compute(number1, number2):
    temp = number1
    while temp != 0:
        if number1 < number2:
            temp = number1
            number1 = number2
            number2 = temp
       temp = number1 % number2

        if temp != 0:

              number1 = number2
              number2 = temp
   
    return number2","","","","","","","","","","","","","","","","It gets the greatest commin diviser between number 1 and 2","A","A","D","B",6,6,6,6,6,6,6,6,6,6,6,6,6,6,6,6,4,4,5,5,4,4,4,4,3,4,2,4,5,7,7,6,6,9,10,8,8,8,8,4,4,3,4,3,4,3,4,"Python","","Graduate or professional degree (MA, MS, MBA, PhD, JD, MD, DDS etc.) Please list the name of your degree(s).","","","","Other","Data Scientist","Male","","White","","I think it can have both positive and negative impacts, depends on how you use and if you have a good basis or not","",6,3.90909090909091,7.45454545454545,3.57142857142857,1,0,1,0,2,3
7,"100","1827","True","2026-05-20 17:24:39","660ab9e08c0887009e1f435a","31","Python","Closer to the average or mid-level programmer","72","","","","","","","","","","","","","","","","102.024","55.137","If temp != 0:
   number 1 = number2;
else
   Number2=temp","18.975","37.648","Return number2;

Int main {
Number1=number2
Int number2=15
If (number1<number2){
}
While (temp != 0){

}
If (temp!=0){
}
Number2 = temp
}","23.5","109.678","Return number2;
Return number2;

Int main {
Number1=number2
While (temp != 0){

}

Number2 = temp 
}","15.95","49.088","Return number2;

Int main {
Number1=number2
Int number1=15
While (temp != 0){

}
If (temp!=){
}
Number2 = temp
}","67.248","35.496","Int main {
Number2 = temp 
Return number2
}","Nothing. Just ballshit. Firstly, it won't run because there is so many logic erros. In final, number2=temp. And return number2. If it was work, probably just would return temp value, inside number2","A","D","D","C",5,6,5,5,5,5,4,5,3,4,5,6,6,4,5,4,4,4,5,5,4,4,4,5,5,5,3,9,1,3,6,1,6,1,10,7,10,8,9,5,2,1,2,1,1,3,1,"Python","","Graduate or professional degree (MA, MS, MBA, PhD, JD, MD, DDS etc.) Please list the name of your degree(s).","","","Computer Science","Other","Data Scientist ","Male","","Hispanic or Latino","","In négative way if you don't study or analyze what AI propose. You MUST to review","",4.8125,4.36363636363636,5.63636363636364,1.57142857142857,1,1,1,1,4,3
8,"100","4480","True","2026-05-20 17:38:05","66ad6f2765f2ef7122225388","62","Python","Closer to a senior programmer or software architect","240","","","","","","","","","","","","","","","","29.796","180.012","return number2;
int main (){
   number1 = number2;
  number2 = 15;

   if (number1<number2) {
      while(temp !=0) {}

     int number1 = temp;
         number1 = temp;
}
}

int compute(int number1, int number2){
     number2 = number1;
    number1 = 20;

}

if(temp !=0) {
  number2 = temp;

}","120.133","180.013","return number2;
int main() {
number1 = number2;
int number2 = 0;
if(number1 == number2) {
temp1 = number2;
}
temp1 = number1;
number2 = temp1;
}

int compute(temp1, number2)
{

while(){
}
}

if(temp1=number2){

}","120.029","180.02","return number2;
int main() {
 number1 = number2;
  if(number1 == number2){
     while(number2==0){
  }
    int temp = number1;
         temp = number1;
  }
}

int compute(int number1, int number2)
{
    int temp = number2;
    
    cout << number1 + number2;
}

if()
{
}","120.021","180.017","return number2;
int main() {
   number2 = number1;
number1 = 15;
   if(number1 < number2) {
      while(temp!=0)
      {
         number2 = temp;
       }
}
}

int compute(int number1, int number2)
{
  number2 = temp;
  int number1 = 20;
  if (number1 < number2){
       temp = number2;
      cout << compute(number1, number2);
}
}

if(temp == number2)
{
}
}","52.979","180.02","return number2
int main() {
   number2 = number1;
   number1 = 15;
   if(number1 < number2){
     while(temp!=0) {}
}
   temp = number1;
}
}

int compute(number1, number2){
   number1 = temp;
   number2 = 20;

   temp = number1 % number2


}

if(temp < number2){
 number2 = temp;
}","If the code was entering from the top as I believe it was, it would simply return the value of 2.  I think that's how python would execute it. If it were java of a C type language it might hit the main function first, but that return at the top of the code, I think, would return a compile error.","A","D","D","C",6,6,5,5,6,6,4,5,6,6,6,6,6,6,6,6,2,2,3,3,2,3,3,3,2,3,1,5,4,3,3,2,2,3,6,6,7,3,7,3,2,2,3,2,3,3,3,"C#","","Graduate or professional degree (MA, MS, MBA, PhD, JD, MD, DDS etc.) Please list the name of your degree(s).","","","MA Computer Science","Application Developer","","Male","","White","","I think AI probably should be more at the 400/500 level with some early intro classes.  I think students should be given the core understanding of learning the basics of coding like I did.  Then later add AI.  I think AI may benefit in some ways but from what I am reading it seems to be a nightmare the way it's being handled (ie. management that doesn't know how to code, tells the coders to use AI at a level that makes no sense.  Then management cuts labor expecting those that are left to do the work of ten coders with AI. )  Management truly is the problem in many work situations, not just software development.","",5.6875,2.45454545454545,4.18181818181818,2.57142857142857,1,1,1,1,4,4
9,"100","1722","True","2026-05-20 18:13:07","6889228646f6720dc62d58ed","28","Python","Closer to a senior programmer or software architect","108","","","","","","","","","","","","","","","","49.874","96.847","Return Number2;
Int main() {
 number 1 = number2;
 Int number2 = 15;
If (number1 < number) {
While (temp!=0){
}
Int temp = number1;
Temp = number1;
} 
Int compute(int number 1, int number2) {
} 
} ","45.283","127.096","Return Number2;
Int main() {
 Int number 1 = number2;
 Int number2 = 15;
If (number1 < number) {
While (temp!=0){
}
} 
} ","40.446","56.278","Return Number2;
Int main() {
 number 1 = number2;
 Int number2 = 15;
If (number1 < number) {
While (temp!=0){
}
Int temp = number1;
Temp = number1;
} 
Int compute(int number 1, int number2) {
Number2=temp;
Number1=20;
Int num = number1 % number2;
} 
} ","85.97","105.624","Return number2;
Int main(){
Number1 = number2;
Number2 = 15;
While temp >0 {
Temp = nunber1
} 
} ","18.944","133.6","return number2;
int main() {
 number 1 = number2;
 int number2 = 15;
If (number1 < number2) {
while (temp!=0){
}
Int temp = number1;
} 
Int compute(int number 1, int number2) {
Number1=number2;
Number2=20;
Temp = number1 % number2;
COut >> (number1, number) 
} 
} ","It was trying to calculate and output a temperature. But it had redundant lines of code and redundant loops. ","A","D","D","A",5,6,4,3,4,5,3,4,5,5,6,6,6,6,6,6,4,4,5,2,2,2,3,4,2,3,1,6,6,2,7,2,8,6,7,9,6,6,6,7,6,4,4,4,4,5,4,"C#","","Bachelor’s degree. Please list the name of your degree(s)","","Bachelor of software engineering with honours","","Software Developer/Software Engineer","","Male","","White","","It is a way to get instant feedback on programs. However, it removes the problem solving aspect when solving problems, as often what it spits out is taken as the best solution. Developers won't use documentation and instead just depend on ai without understanding what it's writing. ","",5,2.90909090909091,5.90909090909091,4.42857142857143,1,1,1,0,3,4
10,"100","1485","True","2026-05-20 18:15:55","5e5074ea55087a0cc7dbc163","24","Python","Closer to someone in their first programming job (Entry-Level)","54","44.552","100.276","def main():
 number1 = 20
 number2 = 15
 print(compute(number1, number2))
def compute(number1, number2):
 temp = number1
 while temp != 0:
  if number1 < number2:
   temp = number1
   number1 = number2
   number2 = temp
  temp = number1 % number2
  if temp != 0:
   number1 = number2
   number2 = temp
 return number2","120.107","156.789","def main():
 number1 = 15
 number2 = 20
 print(compute(number1, number2))
def compute(number1, number2)
 temp = number1
 while temp != 0:
  if number1 < number2:
   temp = number1
   number1 = number2
   number2 = temp
  temp = number1 % number2
  if temp != 0:
   
 return number2","25.232","91.831","def main():
 number1 = 20
 number2 = 15
 print(compute(number1, number2)
def compute(number1, number2):
 temp = number1
 while temp != 0:
  if number1 < number2:
   temp = number1
   number1 = number2
   number2 = temp
  temp = number1 % number2
  if temp != 0:
   number1 = number2
   number2 = temp
 return number2","24.189","89.969","def main():
 number1 = 20
 number2 = 15
 print(compute(number1, number2))
def compute(number1, number2):
 temp = number1
 while temp != 0:
  if number1 < number2:
   temp = number1
   number1 = number2
   number2 = temp
  temp = number1 % number2
  if temp != 0:
   number1 = number2
   number2 = temp
 return number2","34.441","139.574","def main():
 number1 = 20
 number2 = 15
 print(compute(number1, number2))
def compute(number1, number2):
 temp = number1
 while temp != 0:
  if number1 < number2:
   temp = number1
   number1 = number2
   number2 = temp
  temp = number1 % number2
  if temp != 0:
   number2 = number1
   number1 = temp
 return number2","","","","","","","","","","","","","","","","It searches for a number that can divide both numbers and leave no rest","A","C","D","A",5,5,4,4,5,5,5,4,3,5,6,6,4,5,5,5,4,4,5,4,3,3,3,2,2,1,2,3,1,2,1,4,2,3,6,7,8,2,6,4,3,3,4,3,5,3,3,"Python","","Bachelor’s degree. Please list the name of your degree(s)","","Computer Science","","Software Developer/Software Engineer","","Male","","White","","I think the use of some AI is really beneficial for efficiency and speed but an over reliance on it causes atrophy of skills. Especially only using AI for everything causes problems that also include clutter in code.","",4.75,3,3.81818181818182,3.42857142857143,1,0,1,0,2,2
11,"100","2481","True","2026-05-20 21:18:56","68890f115f4e98fa14943557","39","C++","Closer to the average or mid-level programmer","60","120.108","180.007","    int main() {
        int number1 = 20;
        int number2 = 15;
        cout << compute(int number1, int number2) {
    {
     int compute(int number1, int number2) {
         int temp = number1;
         While(temp != 0) {
              if (number1 < number2) {
                  temp = number2;
                  number1 = number2;","17.435","176.994","    int main() {
        int number1 = 20;
        int number2 = 15;
        cout << compute(number1, number2) {
    {
     int compute(int number1, int number2) {
         int temp = number1;
         While(temp != 0) {
              if (number1 < number2) {
                  temp = number1;
                  number1 = number2;
                  number2 = temp;
               {
                temp = number1 % number2;
                if (temp != 0) {
                    number1 = number2;
                    number2 = temp;
                }
          }
          return number2;
    }","120.008","180.108","int main(){
 int number1 = 20;
 int number2 = 15;
 cout << compute(int number1, int number2) {
}
int compute(int number1, int number2) {
 int temp = number1;
 while(temp != 0) {
   if(number1 < number2) {
","36.403","175.855","    int main() {
        int number1 = 20;
        int number2 = 15;
        cout << compute(int number1, int number2) {
    {
     int compute(int number1, int number2) {
         int temp = number1;
         While(temp != 0) {
              if (number1 < number2) {
                  temp = number2;
                  number1 = number2;
                  number2 = temp;
               {
                temp = number1 % number2;
                if (temp != 0) {
                    number1 = number2;
                    number2 = temp;
                }
          }
          return number2;
     }","28.648","180.004","    int main() {
        int number1 = 20;
        int number2 = 15;
        cout << compute(number1, number2);
    }
         int compute(int number1, int number2) {
         while(temp != 0) {
              if(number1 < number2) {
                  temp = number1;
                  number1 = number2;
                  number2 = temp;
              }
              temp = number1 % number2;","","","","","","","","","","","","","","","","Finding the greatest common divisor","A","D","D","C",6,6,5,5,5,6,6,5,5,6,6,6,6,5,5,6,2,1,2,1,2,1,1,1,1,1,1,2,2,2,1,1,1,1,2,2,2,1,2,2,1,1,1,1,5,2,2,"JavaScript","","High school diploma or GED,Associates or technical degree. Please list the name of your degree(s),Bachelor’s degree. Please list the name of your degree(s)","Language abd Rationality","Computer Science","","Front End Developer/Engineer","","Female","","Other","Indigenous (Mayan)","I think it can be a great resource and tool but it shouldn't be used as a main guide to your work. For coding it makes a lot of ""spaghetti code"" at the moment. It is not very efficient and it can lead to slower runtimes and a disaster to test.","Not really",5.5625,1.27272727272727,1.54545454545455,1.85714285714286,1,1,1,1,4,3
12,"100","1804","True","2026-05-20 21:29:27","6883a1dc2b9ac1af1ef98eeb","30","Python","Closer to the average or mid-level programmer","48","120.009","180.073","def main():
  number1 = 15
  number2 = 20
  print(compute(number1,number2))
def compute():
  temp = number1
  if number1 < number2:
    temp = number1
    number1 = number2
    number2 = temp
  temp = number1 % number2
  return number2 ","120.027","94.93","def main():
  number1 = 20
  number2 = 15
  print(compute(number1,number2)
def compute():
  temp = number1
  while temp != 0: 
    if number1 < number2:
      temp = number1
      number1 = number2
      number2 = temp
    temp = number1 % number2
    if temp != 0:
      number1 = number2
      number2 = temp
  return number2 ","120.04","121.761","def main():
  number1 = 20
  number2 = 15
  print(compute(number1,number2)
def compute():
  temp = number1
  while temp != 0:
    if number1 < number2:
      temp = number1
      number1 = number2 
      number2 = temp
    temp = number1 % number2
    if temp != 0:
      number1 = number2
      number2 = temp
    return number2 ","120.109","118.001","def main():
  number1 = 20
  number2 = 15
  print(compute(number1,number2)
def compute()
  temp = number1
  while temp != 0:
    if number1 < number2:
      temp = number1
      number1 = number2
      number2 = temp
    temp = number1 % number2
    if temp != 0:
      number1 = number2
      number2 = temp
  return number2","120.132","180.031","def main():
  number1=20
  number2=15
  print(compute(number1,number2)
def compute():
  temp=number2
  if number1 < number2:
    temp = number1
    number1 = number2
    number2 = temp
  temp = number2 % number1
  if temp = 0:
    number2 = number1
    number1 = temp
  print number2","","","","","","","","","","","","","","","","This code is computing the greatest common denominator, the euclidean algorithm","A","D","D","C",4,6,5,5,6,5,5,5,6,6,6,6,5,5,5,5,2,3,3,3,3,2,2,2,1,1,1,1,1,1,1,1,1,1,1,1,1,1,1,1,2,2,2,3,2,2,2,"Python","","Bachelor’s degree. Please list the name of your degree(s)","","Computer Science & Engineering","","Software Team Lead or Manager","","Female","","Asian,White","","I think it affects programmers positively in that it allows us to produce at a much greater rate and it's aware of aa variety of topics, whereas we might only be aware of the ones we have professional or educational experience in. It affects us negatively in that it causes our skills to atrophy. Largely I think it's a net positive. ","No, thank you for picking me for this survey! Have a great day",5.3125,2.09090909090909,1,2.14285714285714,1,1,1,1,4,3
13,"100","2463","True","2026-05-20 21:58:28","65fda4aa45ba55e983e2a2d9","32","Java","Closer to a senior programmer or software architect","60","","","","","","","","","","","","","","","","89.459","180.012","return number2;
public static void main(){
number1=number2;
int number2=15;
if(number1<number2){
while (temp!=0){
}
int temp=number1;
temp=number1;
}
public static int compute(int number1, int number2){
number2=temp;
int number1=20;
temp=number","120.091","180.017","return number2;
public static void main(){
number1=number2;
int number2=15;
if(number1<number2){
while(temp!=0){
}
int temp=number1;
temp=number1;
}
public static int compute(int number1,int number2){
number2=temp;","120.012","180.115","return number2;
public static void main(){
number1=number2;
int number2=15;
if(number1<number2){
while(temp!=0){
}
int temp=number1;
temp=number1;
}
public static int compute(int number1, int number2){
number2=temp","120.008","180.02","return number2;
public static void main(){
number1=number2;
int number2=15;
if (number1<number2){
while(temp!=0){}","120.187","180.016","return number2;
public static void mian(){
number1=number2;
int number2=15;
if(number1<number2){
while(temp!=0){
}
int temp=number1;
temp=number1;
}
public static int compute(int number1, int number2){
number2=temp;","code is finding the greatest common divisor of two numbers.","A","D","D","B",6,6,6,5,5,4,5,6,5,5,6,6,6,6,6,6,2,1,1,1,1,1,1,1,1,1,1,1,5,6,1,3,1,1,2,5,7,2,2,2,3,4,3,1,3,5,3,"Java","","Associates or technical degree. Please list the name of your degree(s)","BCA","","","Software Developer/Software Engineer","","Male","","Asian","","In a postive way generative AI can quickly solve the problem and saves time. In a negative ways a program will be fully dependable on AI if used regularlly.","",5.5625,1.09090909090909,3.18181818181818,3.14285714285714,1,1,1,0,3,4
14,"100","1879","True","2026-05-20 22:13:27","5ee890fabb763018d1ad774e","27","Python","Closer to the average or mid-level programmer","72","15.927","106.083","def main():
    number1 = 20
    number2 = 15
    print(compute(number1, number2))
def compute(number1, number2):
    temp = number1
    while temp != 0:
        if number1 > number2:
            temp = number1, 
            number1 = number2
            number2 = temp
        temp = number1 % number2
        if temp != 0:
            number1 = number2
            number2 = temp
    return number 2","15.901","134.578","def main():
    number1 = 20
    number2 = 15
    print(compute(number1, number2))
def compute(number1, number2):
    temp = number1
    while temp != 0:
        if number1 < number2:
            temp = number1
            number1 = number2
            number2 = temp
        temp = number1 % number2
        if temp != 0:
            number1 = number2
            number2 = temp
    return number2","120.029","180.009","def main():
    number1 = 20
    number2 = 15
    print(compute(number1, number2))
def compute(number1, number2):
    while temp != 0:
        temp = number1
        if number1 < number2:
            temp = number1
            number1 = number2
            number2 = temp
        temp = number1 % number2
        if temp != 0:
            number1 = number2
        return temp","28.008","106.767","def main():
    number1 = 20
    number2 = 15
    print(compute(number1, number2))
def compute(number1, number2):
    temp = number1
    while temp != 0:
        if number1 < number2:
            temp = number1
            number1 = number2
            number2 = temp
        temp = number1 % number2
        if temp != 0:
            number1 = number2
            number2 = temp
    return number2","62.302","176.913","def main():
    number1 = 20
    number2 = 15
    print(compute(number1, number2))
def compute(number1, number2):
    temp = number1
    while temp != 0:
        if number1 < number2:
            temp = number1
            number1 = number2
            number2 = temp
        temp = number1 % number2
        if temp != 0:
            number1 = number2
            number2 = temp
    return number2","","","","","","","","","","","","","","","","It finds the greatest common divisor","A","D","D","C",6,6,6,6,6,6,6,6,6,NA,6,6,6,6,6,6,5,4,4,4,5,2,2,4,1,1,1,1,1,1,1,1,1,1,1,1,1,1,1,1,1,1,1,1,3,1,1,"JavaScript","","Bachelor’s degree. Please list the name of your degree(s)","","Bachelor of Science, Major in Comp. Sci, Minor in Mathematics","","Full Stack Developer/Engineer","","Male","","Asian","","It definitely affects programmers negatively in that people will become too reliant on AI and don't learn themselves. They won't be able to catch mistakes or debug when AI inevitably messes something up no matter how big or small. AI is also good if we don't let it be the driver. Programmers still need to use AI as a assistive tool instead of replacing themselves with AI","",6,3,1,1.28571428571429,1,1,1,1,4,3
15,"100","2007","True","2026-05-21 02:52:19","5f4275b5981d7745acd1f912","28","Python","Closer to the average or mid-level programmer","72","","","","","","","","","","","","","","","","80.675","163.305","    return number 2;
int main() {
        number1 = number2;
    number2 = 15;
      if (number1 < number2) {
    while temp != 0 {
}
    temp = number1;
    }
    int compute(int number1, int number2) {
            number2 = temp;
        number1 = 20;
            temp = number1 % number2;
        cout << compute(number1, number2)
    }
         temp = number2;
      }","120.008","180.103","return number 2;
int main() {
    number1 = number2;
    int number2 = 15;
    if number1 < number2 {
        while temp != 0 {
        }
    }
    
}","19.838","166.385","    return number 2;
int main() {
        number1 = number2;
    int number2 = 15;
        if (number1 < number2) {
    while (temp != 0) {
}
    int temp = number1;
    }
    int compute(int number1, int number2) {
            number2 = temp;
        int number1 = 20;
        temp = number1 % number2
        cout << compute(number1, number2)
}","120.014","180.012","    return number 2;
int main() {
        number1 = number2;
    int number2 = 15;
        if number1 < number2 {
            while temp != 0 {
        }
        int temp = number1
        }
    int compute(int number1, int number2) {

    }
}","120.003","180.003","    return number2;
int main() {
        number1 = number2;
    int number2 = 15;
    if number1 < number2 {
    while temp != 0 {
    }
    int temp = number1
    }
    int compute(int number 1, int number 2) {
            number2 = temp
         number1 = 20
    }
}","Calculates how many times one number goes into another and returns the remainder","A","D","D","B",4,6,4,4,5,5,4,4,3,4,6,6,6,5,5,6,3,1,2,3,2,2,2,3,2,2,2,3,1,1,2,1,1,1,2,2,4,1,4,1,2,2,5,2,2,3,2,"Python","","Bachelor’s degree. Please list the name of your degree(s)","","Mathematics","","Software Developer/Software Engineer","","Female","","Asian","","Positively: it has made us quicker and more knowledgeable in ways because it can do research quicker.
Negatively: it can be time consuming trying to get the agent to understand context","",4.8125,2.18181818181818,1.81818181818182,2.57142857142857,1,1,1,0,3,3
16,"100","1945","True","2026-05-21 04:52:48","68892827bc7da25e4a9ba9bf","30","Java","Closer to the average or mid-level programmer","36","120.115","124.449","public static void main(){
int number1 = 20;
int number2 = 15;
System.out.print(compute(number1, number2));
}
public static int compute(int number1, int number2) {
int temp = number1;
while (temp != 0) {
 ","79.702","176.007","public static void main(){
  int number1 = 20;
  int number2 = 15;
  System.out.print(compute(number1, number2));
}
public static int compute(int number1, int number2){
  int temp = number1;
  while (temp != 0){
     if (number1 < number2){
       temp = number1;
       number1 = number2;
       number2 = temp;
    }
    temp = number1 % number2;
    if (temp != 0){
      number 1 = number2;
      number2 = temp;
    }
  }
  return number2;
}","114.477","180.109","public static void main() {
  int number1 = 20;
  int number2 = 15;
  System.out.print(compute(number1, number2);
}
public static int compute(int number1, int number2){
  int temp = number1;
  while(temp != 0){
    if (number1 < number2) {
      temp = number1;
      number1 = number2;
      number2 = temp;
    }
     temp = number1 % number2;
     if (temp != 0) {
       number1 = number2;
       number2 = temp;
     }
 }

return number2;
}","120.005","180.008","public static void main(){
  int number1 = 20;
  int number2 = 15;
  System.out.print(compute(number1, number2);
}
public static int compute(int number1, int number2){
  int temp = number1;
  while (temp != 0){
    if (number1 < number2){
      temp = number1;
      number1 = number2;
      number2 = temp;
   }
    temp = number1 % number2;
    if (temp != 0) {
      number1 = number2;
       number2 = temp;
    }
   }
return number2;
}","120.011","134.177","public static void main(){
int number1 = 20;
int number2 = 15;
System.out.print(compute(number1, number2);
}
public static int compute(int number1, int number2){
int temp = number1;
while (temp != 0){
if (number1 < number2){
temp = number1;
number1 = number2;
number2 = temp;
}
temp = number1 % number2;","","","","","","","","","","","","","","","","The code I saw was working out the greatest common divisor of two numbers; in the example, it was provided 20 and 15. Once it has this, it will then print this to the console. ","A","D","D","B",5,5,5,4,4,5,5,4,4,5,6,6,6,5,5,6,3,1,2,3,3,2,2,3,2,2,2,3,2,1,1,2,1,1,3,2,4,2,2,3,1,1,2,1,2,2,2,"JavaScript","","Bachelor’s degree. Please list the name of your degree(s)","","Bsc Computer Games Development","","Software Developer/Software Engineer","","Male","","White","","I believe that when used correctly, Generative AI can have a positive impact in a workplace, it can provide great boilerplate code, which can speed up development in some instances. However, I feel that the rise of 'vibe-coding' can be detrimental, as these people won't understand most of the code an AI provides, and, in turn, won't be able to work out why it won't work if it doesn't. ","",5,2.27272727272727,1.90909090909091,1.57142857142857,1,1,1,0,3,3
17,"100","3539","True","2026-05-21 06:31:49","5ec854fd44972a32c8a890db","40","C++","Closer to someone in their first programming job (Entry-Level)","30","120.022","180.144","int number1 = 15;
int number2 = 20;

int main() {
cout << compute(number1, number2);
}

int computer(int number1, int number2) {
int temp = number1;
while(temp != 0) {
if (number1 < number2) {
number1 = number2;
number2 = temp;
}
if (temp != 0) {

}
}
return number2;
}","120.02","180.038","int number1;
int number2;
int temp;

void main() {
   cout << compute(number1, number2);
}

int compute(int number1, int number2) {
   while (number1 < number2) {
      temp = number 1;
      number1 = number 2;
   }
}","120.007","180.142","int main() {
int number1 = 20;
int number2 = 15;
cout << compute(number1, number 2);
}

int compute(int number1, int number2) {
int temp = number1;
while (temp != 0) {
if (number1 < number 2) {
temp = number1;
number1 = number2;
number2 = temp;
}
temp = number1 % number2;
if (temp != 0) {
number1 = number2;
number2 = temp;
}
}
return number2;
}","120.117","180.044","int number1 = 15;
int number2 = 20;

int main() {
cout << compute(number1, number2);
return 0;
}

int compute(int number1, int number2) {
int temp;
while (number1 != 0) {
if (number1 < number2) {
temp = number1;
number1 = number2;
number2 = temp;
}
}
return number2;
}","120.02","180.118","int main(number1, number2) {
cout << compute(number1, number2);
}

int compute(int number1, int number2) {
int temp = number1;
while (temp != 0) {
number1 = number2;
number2 = temp;
temp = number1 % number2;

}
return number2;
}
","","","","","","","","","","","","","","","","swapping the values of number1 and number2 variables based on two conditions.","A","D","B","C",6,6,4,3,6,6,3,4,2,5,6,6,6,4,4,5,4,3,5,4,3,5,4,5,4,4,3,5,1,1,1,1,3,1,10,10,10,9,10,5,3,3,4,2,3,3,3,"C++","","Graduate or professional degree (MA, MS, MBA, PhD, JD, MD, DDS etc.) Please list the name of your degree(s).","","","PhD","Other","Educator","Male","","White","","It helps you get started (helpful if you are not familiar with the syntax), but it can make mistakes, which you may spend a long time fixing. Positive thing is that you may spend more time thinking about the algorithm, which will help you write a clearer prompt and, hence, receive better code. Negative think is that some people may decide to just completely delegate coding to the AI and not even bother looking into the code, if they see that the code is doing something similar to what they wanted it to do.","It's hard to write computer code in a survey box, as I'm used to issues being highlighted in the IDE, and things like brackets being automatically closed for me. It was also awkward not to see my code indented. ",4.75,4,5.18181818181818,3,1,1,0,1,3,2
18,"100","1539","True","2026-05-21 06:56:42","5e2191a2727e0446c780b2e3","32","C++","Closer to the average or mid-level programmer","60","","","","","","","","","","","","","","","","71.099","165.91","return nmbr2;
int main(){
nmbr1=nmbr2;
int nmbr2=15;
if(nmbr1<nmbr2){while(temp != 0)}
}

int temp=nmbr1;

int cmpt(int nmbr1, int nmbr2){
nmbr2=temp
}","120.013","134.698","return number2;
int main(){
number1 = number2;
int number2=15;
if(number1<number2){
while(temp1=0){}
int temp=number1;
temp =number1;
int compute(int number1, int number2){
number2=temp;
int number1=20;
}
}
}","53.666","42.248","return number2;
int main() {
numberl = number2;
int number2 = 15;
if (numberl < number2) (
while (temp != 0) {
int temp = numberl;
temp = numberl;
int compute(int numberl, int number2) {
number2 = temp;
int numberl = 20;
temp = numberl % number2;
numberl = number2;
cout compute(numberl, number2);
if (temp != 0) {}
}
number2 = temp;
}","120.114","180.019","return number2;
int main(){
number2=number1;
int number2=15;

if(number1<number2){
while (temp !=0){
}
}


}","22.396","99.948","return number2;
int main() {
numberl = number2;
int number2 = 15;
if (numberl < number2) (
while (temp 1= 0) {
int temp = numberl;
temp = numberl;
int compute(int numberl, int number2) {
number2 = temp;
int numberl = 20;
temp = numberl % number2;
numberl = number2;
cout compute(numberl, number2);
if (temp 1= 0) (
number2 = temp;","The code is incorrect but it is trying to do greatest common divisor of the two numbers. ","A","C","D","C",6,6,6,6,6,6,4,5,4,6,6,6,6,6,6,5,2,2,2,1,1,1,1,1,1,1,1,3,3,1,1,1,1,1,6,6,7,5,7,2,2,2,5,2,3,3,3,"Other","PowerShell","Graduate or professional degree (MA, MS, MBA, PhD, JD, MD, DDS etc.) Please list the name of your degree(s).","","","MBA, MA","Systems Engineer","","Male","","White","","It speeds up the things, it is like sewing with hands vs with the machine ","N/A",5.625,1.27272727272727,3.54545454545455,2.85714285714286,1,0,1,1,3,3
19,"100","1820","True","2026-05-21 08:19:23","691de59e3f1a40f37d2864af","36","Python","Closer to the average or mid-level programmer","39","","","","","","","","","","","","","","","","120.013","104.135","return number_2

def ??:
  number_1 = number_2
  while (number_1 < number_2):
    number_2 = number_1

  def ???:
    number_1 = number_2
    if (temp != 0):
        number_1 % number_2","120.108","168.766","return number_2
def main():
    number_1 = number_2
    number_2 = 15
    while number_1 < number_2:
      if temp != 0:
        temp = number_1 % number_2
    
     def compute(number_1, number_2):
        number_1 = temp
        if temp != 0:
           temp = number_2
           number_1 = number_2
        compute(number_1, number_2)","120.006","147.282","return number_2
def main():
   number_1 = number_2
   number_2 = 15
   if number_1 < number_2:
      while temp != 0:
        temp = number_2
        temp = number_2
 
    def compute(number_1, number_2):
        temp = number_2
        number_2 = 20
        if temp != 0:
           temp = number_1 % number_2
           number_2 = 15

       compute(number_1, number_2)

       if temp != 0:","120.012","141.185","return number_2
def main():
  number_1 = number_2
  number_2 = 15
  while (number_1 < number_2):
     temp = number_2
     temp = number_2
  
   def compute(number_1, number_2):
     temp = number_1
     if (temp != 0):
        temp = number_1 % number_2
     ??","120.107","86.57","return number_2
def main():
  number_1 = number_2
  number_2 = 15
  while (number_1 < number_2):
    temp = number_1
    temp = number_1

def compute(arg1, arg2):
  ??","I think that it was trying to calculate temperature although I wasn't able to figure out exactly how it was coming up with the answer. This is due to frequent mutation on the number variables, which was a little confusing for me.","A","C","D","A",5,6,4,5,6,6,5,3,3,6,6,6,6,5,5,6,3,3,4,5,4,2,3,3,2,2,2,6,8,4,2,1,1,1,8,8,8,4,6,5,1,1,1,1,1,1,1,"Python","","Some college, but no degree","","","","Software Developer/Software Engineer","","Male","","Black or African American","","Personally, I think it's affected me negatively and I choose to limit my usage of it. It's great for learning topics on the fly but I think it makes me outsource my thought process.","",5.1875,3,4.63636363636364,1,1,0,1,0,2,3
20,"100","1648","True","2026-05-21 09:45:24","66129ba63bdad6d8137dd832","23","Python","Closer to the average or mid-level programmer","36","17.167","136.127","def main():
    number1 = 20
    number2 = 15
    print(compute(number1, number2))

def compute(number1, number2):
    temp = number1
    while temp != 0:
        if number1 < number2:
            temp = number1
            number1 = number2
            number2 = temp
        temp = number1 % number2
        if temp != 0:
            number1 = number2
            number2 = temp
    return number2
","15.958","126.268","def main()
    number1 = 20
    number2 = 15
    print(compute(number1, number2))

def compute(number1, number2)
    temp = number1
    while temp != 0:
        if number1 < number2:
            temp = number1        
            number1 = number2
            number2 = temp
         temp = number1 % number2
         if temp != 0:
             number1 = number2
             number2 = temp
    return number2","50.108","177.063","def main()
    num1 = 20
    num2 = 15
    print(compute(num1, num2))

def compute(number1, number2):
    temp = number1
    while temp != 0:
        if number1 < number2:
            temp = number1
            number1 = number2
            number2 = temp
        temp = number1 % number2
        if temp != 0:
            number1 = number2
            number2 = temp
    return number2
   
","114.216","180.107","def main():
    num1 = 20
    num2 =15


def compute(number1, number2):
    temp = number1
    while temp != 0:
        if number1 < number2:
            temp = number1
            number1 = number2
            number2 = temp
        temp = number1 % number2
        if temp != 0:
            number1 = number2
            number2 = temp
        return number2
     ","18.58","128.797","def main():
    number1 = 20
    number2 = 15
    print(compute(number1, number2))

def compute(number1, number2):
temp = number1
    while temp != 0:
        if number1 < number2:
            temp = number1
            number1 = number2
            number2 = temp
        temp = number1 % number2
        if temp != 0:
            number1 = number2
            number2 = temp
    return number2","","","","","","","","","","","","","","","","Iteratively computing a remainder between two numbers and then using this remainder later again to compute more. I think something like highest common factor (gcd)","A","D","D","C",5,5,4,2,5,5,2,2,3,5,6,6,6,5,5,5,3,2,2,2,3,2,2,3,3,4,3,2,4,1,1,2,1,1,2,3,8,4,8,2,2,2,4,4,5,5,4,"Python","","Graduate or professional degree (MA, MS, MBA, PhD, JD, MD, DDS etc.) Please list the name of your degree(s).","","","MSc","Other","Researcher","Male","","Asian","","","",4.4375,2.63636363636364,3.18181818181818,3.71428571428571,1,1,1,1,4,3
21,"100","2330","True","2026-05-21 12:40:27","6817c3453346ea1e8fd9af10","55","Python","Closer to a senior programmer or software architect","420","","","","","","","","","","","","","","","","120.118","180.12","intv number 2 = 0
main{
number 2 = 15
if (number 1 < number 2){
where temp < 0
temp = 20
","120.109","180.186","return number 2;
main{
 number 1 = number 2;
number2 = 15
}
compute{
}
temp = ","120.009","180.117","retrun nuimber2
main(){
int number 1 = 15

while(temp !=0){
int number 1 = 15;
number1 = 15;
}

compute(number1,number2){
cout <= compute}

if( temp != 0){
temp = number2}","120.015","180.01","int number 2 = 0
main{
number = 15
if number 1 < number 2){
ifwhiule number > 0{
compute(number1,number2){
cout<<compute()
}
temp = ","120.021","180.117","int number 2 = 0
mi


int ciompute(int number1, int number 2){
number 2 = number 1;
int number 1 = 20;
number 2 = number1%number2;
cout << compute(number1,number2)
}","its taking 2 numbers and calculating a factorial of some sort","A","D","D","C",6,6,6,6,6,6,6,5,6,6,6,6,6,6,6,6,3,3,4,3,5,2,2,4,2,4,2,5,1,2,1,5,8,8,3,7,10,7,10,2,2,1,1,2,1,2,1,"C#","","Bachelor’s degree. Please list the name of your degree(s)","","Electronic and electrical engineering ","","Full Stack Developer/Engineer","","Male","","White","","It will remove the lower level work where new programmers come from but help work on big monolithic code ","Im neurodivergent and never remember code i read it live and evolve it as i go. . and that formatting was painful. ",5.9375,3.09090909090909,5.63636363636364,1.42857142857143,1,1,1,1,4,4
22,"100","2438","True","2026-05-21 20:19:24","5c22f28d70d93a0001201738","60","Java","Closer to a senior programmer or software architect","511","120.01","180.02","public static void
{
number1  := 15;
number2 := 20;
printoutput(compute number1, number2);
}

temp int := number1 ;
while number2> number1
{
if te,p > 0
number1 := number2;
number2 := temp;

}
)


}
}

return number2;
}","120.019","180.004","static void main[]
{
system.output.print(compute(number1,number2)
temp int number1;
when temp<>0
{
if number1 > number2
(
number1 := number2;
number2 := temp;



}
return number2;

}
","120.013","180.01","public
{
number1  := 15;
number2 := 20;
while number1<>0 do
{
temp := number1 ;
number2 := number1;

}
)



return number2;
}","120.009","180.009","public static void main[]
{
number1  := 15;
number2 := 20;
system.output.print(compute number1, number2);
}

temp int := number1 ;
while temp != 0 number2> number1
{
if number2> number1
{
number1 := number2;
number2 := temp;
temp := number1;
}
if temp != 0 
{
number2 := number1;
}
}
return number2;
}","120.119","180.006","public static void main[]
{
number1  := 15;
number2 := 20;
system.print.output(compute number1, number2);
}

temp int := number1 ;
when temp != 0
{
if number1> number2
{
number1 := number2;
number2 := temp;
temp := number1;
}
if temp != 0
{

}
}

}
}

return number2;
}","","","","","","","","","","","","","","","","It was replacing the value of a variable as it navigated a decrementing loop.","A","D","D","A",6,6,6,6,6,6,6,6,6,6,6,6,6,6,6,6,1,1,1,1,1,1,1,1,1,1,1,1,1,1,1,1,1,1,2,3,2,1,3,1,5,5,5,5,5,5,5,"Java","","Bachelor’s degree. Please list the name of your degree(s)","","Computer Science","","Software Architect","","Male","","White","","","",6,1,1.54545454545455,5,1,1,1,0,3,4
23,"100","3017","True","2026-05-22 06:03:53","663325904e8e46cf433becd0","46","C++","Closer to someone in their first programming job (Entry-Level)","6","","","","","","","","","","","","","","","","120.012","180.112","      return number2;
int main[] {
      number1=number2;
    int number2=15;
         if (number1<number2) {
         while (temp!=0) {
     }
      int temp=number1;
       temp=number1;
   }
i","120.012","180.011","return number2;
int main []{
       int number 1 = number 2
       if number1 > number2
       temp != 0;
   }
","120.012","180.113","    return number 2;
int main[] {
           number1 = number2;
        int number2 = 15;
              if (number1<number2)}
              while (temp!=0){
","120.112","180.011","      return number2;
int main[] {
         number1=number2;
    int number2=15;
         if (number1<number2) {
         while (temp!=0) {
     }
      int temp=number1;
          temp=number1;
   }
 int compute(int number1, int number2) {
          number2=temp;
        int number1=20;
           temp=number1%number2;
              number1=number2;
}
       if (temp!=0) {
}
     number2=temp;
}","120.113","180.011","      return number2;
int main[] {
         number1=number2;
    int number2=15;
         if (number1<number2) {
         while (temp!=0) {
     }
      int temp=number1;
          temp=number1;
   }
 int compute(int number1, int number2) {
          number2=temp;
        int number1=20;
           temp=numbwe1%number2","I think it is trying to find the common divisor but the code seems scrambled or does not have the right flow.","A","C","D","C",6,6,6,5,5,5,4,6,3,5,5,4,4,5,5,5,1,1,1,2,1,1,2,2,1,1,1,3,5,3,2,5,3,4,5,6,6,3,5,4,4,3,4,2,3,3,3,"C++","","Bachelor’s degree. Please list the name of your degree(s)","","BSc","","Software Developer/Software Engineer","","Female","","Asian","","AI could an excellent learning aid and tool as it could speed up the learning process. It could help with logical testing of programs, checking for syntax, and such.
It could though also have negative impacts as it could be used to cheat on the learning priocess.","No. Thank you for the opportunity. It was an interesting exercise to try and remember code with out logical flow and rewrite it.",4.9375,1.27272727272727,4.27272727272727,3.14285714285714,1,0,1,1,3,2
24,"100","777","True","2026-05-22 06:43:56","6888f9158ab561d6bbcf7466","32","Java","Closer to a senior programmer or software architect","135","","","","","","","","","","","","","","","","42.937","71.912","return number2;
public static void main() {
    number1 = number2;
    int number2 = 20;

   System.out.PrintLn(computer(number1, number2));
}

public static int compute(number1, number2) {
    
}","16.011","16.199","return number2;
public static void main() {
    number1 = number2;
    number2 = 15;
    int temp = number1 % number2;
    System.out.print(compute(number1, number2));
    while(temp < 0)
{}
if(temp ....
}","19.161","19.385","return number2;
public static void main() {
    number1 = number2;
    number2 = 15;
    int temp = number1 % number2;
    System.out.print(compute(number1, number2));
    while(temp < 0)
{}
}
public static int compute(int number1, int number2) 
{
}","23.179","76.058","return number2;
public static void main() {
    number1 = number2;
    number2 = 15;
    int temp = number1 % number2;
    System.out.print(compute(number1, number2));
    while(temp < 0)
{}
}","30.375","16.05","return number2;
public static void main() {
    number1 = number2;
    number2 = 15;
    if(number1 < temp) {
    int temp = number1 % number2;
    System.out.print(compute(number1, number2));
    while(temp < 0)
{}
}
public static int compute(int number1, int number2) 
{
}","It won't compile so technically nothing, but it was working out the difference between 2 integers I believe. It's hard to determine with the syntax issues.","A","D","D","C",6,6,5,6,6,6,6,6,6,6,6,6,6,6,6,6,1,1,1,1,1,1,2,1,1,1,1,3,1,1,1,1,1,1,4,3,3,1,6,4,1,1,1,1,1,1,1,"C#","","Bachelor’s degree. Please list the name of your degree(s)","","BSc Computer Science","","Software Developer/Software Engineer","","Male","","White","","Experienced software engineers are able to use it to skip crud work, tasks that are repetitive or hold little long term value such as one time scripts or refactoring work that isn't overly impactful.

The core issue is with lesser experienced engineers, juniors specifically, offloading the thinking and decision making/learning to AI instead of struggling towards a solution. That inherently limits the abilities of future engineers, but companies are actively pushing for it as a skillset. It's a catch-22.","",5.9375,1.09090909090909,2.09090909090909,1,1,1,1,1,4,4
25,"100","1824","True","2026-05-22 07:38:19","6887c8adcd44faa087e4dae6","50","C++","Closer to a senior programmer or software architect","120","32.677","180.103","int main() {
int number1 = 20;
int number2 = 15;
cout << compute(number1, number2);
}

int compute(int number1, int number2) {
int temp = number1;
while (temp != 0) {
if (number1 < number2) {
temp = number1;
number1 = number2;
number2 = temp;
}
temp = number1 % number2;
if (temp != 0) {
number1 = number2;
number2 = temp;
}
}
return number2;
}","34.204","120.713","int main() {
    int number1 = 20;
    int number2 = 15;
    cout << compute(number1, number2);
}
int compute(int number1, int number2) {
    int temp = number1;
    while (temp != 0) {
        if (number1 < number2) {
            temp = number1;
            number1 = number2;
            number2 = temp;
        }
        temp = number1 % number2;
        if (temp != 0) {
            number1 = number2;
            number2 = temp;
        }
    }
    return number2;
}","52.033","103.322","int main() {
int number1 = 20;
int number2 = 15;
cout << compute(number1, number2);
}

int compute(int number1, int number2) {
int temp = number1;
while (temp != 0) {
if (number1 < number2) {
temp = number1;
number1 = number2;
number2 = temp;
}
temp = number1 % number2;
if (temp != 0) {
number1 = number2;
number2 = temp;
}
}
return number2;
}","48.922","157.067","int main() {
int number1 = 20;
int number2 = 15;
cout << compute(number1, number2);
}

int compute(int number1, int number2) {
int temp = number1;
while (temp != 0) {
if (number1 < number2) {
temp = number1;
number1 = number2;
number2 = temp;
}
temp = number1 % number2;
if (temp != 0) {
number1 = number2;
number2 = temp;
}
}
return number2;
}","22.253","59.891","int main() {
    int number1 = 20;
    int number2 = 15;
    cout << compute(number1, number2);
}
int compute(int number1, int number2) {
    int temp = number1;
    while (temp != 0) {
        if (number1 < number2) {
            temp = number1;
            number1 = number2;
            number2 = temp;
        }
        temp = number1 % number2;
        if (temp != 0) {
            number1 = number2;
            number2 = temp;
        }
    }
    return number2;
}","","","","","","","","","","","","","","","","This code is implementing the Euclidean algorithm to find the Greatest Common Divisor (GCD) of two numbers, which are 20 and 15 in the main function. It repeatedly takes the remainder of the two numbers and swaps them until the remainder becomes zero, and then it returns the last non-zero remainder as the GCD.","A","D","D","C",5,5,5,5,5,6,5,5,4,5,5,6,6,5,5,6,1,2,3,5,1,1,1,3,1,2,1,5,6,6,6,6,3,6,7,7,7,6,6,7,3,4,3,4,3,4,2,"C++","","Bachelor’s degree. Please list the name of your degree(s)","","Software Engineering","","Software Developer/Software Engineer","","Male","","Middle Eastern or North African","","0-2 hours","The tasks were well structured and provided a good balance between cognitive pattern recognition and practical code analysis. The survey was comprehensive.",5.1875,1.90909090909091,6,3.28571428571429,1,1,1,1,4,4
26,"100","2892","True","2026-05-22 11:18:28","6777cf651ad3b30bacbe85ba","27","Python","Closer to the average or mid-level programmer","72","","","","","","","","","","","","","","","","120.023","180.118","return number2;
int main() {
   number2=15
   int number1=number2

   if (number1 < number2){
      while {
}
     temp =15
}
int compute (int number1, number2){
   number2=temp
   int number1=15

   if (temp >0){

} 
   cout << number1 + number2
  } 
} ","120.028","180.154","return number2;

int main() {
   number2 = 15
  
   if (number1 < number2){
}
   while (temp!=0){
      int temp = number1 - number2;
            temp =number1-number2;
}
}
int compute(int number1, int number2){
    number2 =temp
     int number1 = 15

    while () {


     cout << compute(number1, number2) ","120.018","180.113","return number2;
int main (){
  number1=15
  int number2=20

    if (number1 < number2){
       while (temp!=0){
} 
        int temp =number1-number2
               temp = number1-number2
} 
} 
int compute(int number1, int number2) {
    number2 = temp
    number1 = 20

 if...
     number1%number2



    co
","120.123","180.014","return number2;
int main {
    number1 = number2
  int number2 = 15
    if () {
  while (number1 > number2) {

  temp
  
  }
int compute(int number1, int number2) {
   number2 = 20
   int number1 = number2
} 

   if (temp){

","120.029","180.164","return 2;
function main {
  int number 1=number2;


}
function compute {int number1, int number2}:
    number2 =20;
    int number1=number2


   count << number1 + number2

}
}","Honestly not very much idea. there are two numbers, and it sets them to 20 and 15 and then there's also temp which I couldn't make sense of, but it's a counter or tracker or something for temperature? 

then the code takes the modulo of number 2 and number 1 and then does that recursively for some reason and then if the output is more than 2  then it returns the second number?","A","D","D","D",5,5,5,4,5,5,3,2,5,5,6,6,6,6,6,6,4,3,4,2,4,4,4,4,3,2,2,8,2,1,2,1,3,1,5,5,8,5,10,6,3,4,5,4,5,4,5,"Python","","Bachelor’s degree. Please list the name of your degree(s),Graduate or professional degree (MA, MS, MBA, PhD, JD, MD, DDS etc.) Please list the name of your degree(s).","","Computer Science 😭","Studying MSc AI (on track for a distinction..) ","Software Developer/Software Engineer","","Female","","Asian","","I think there is an overreliance on GenAI for coding. It's unfortunate and unavoidable. Most people don't want to use it but it creates a huge problem since ""everyone else is using it"" and makes people think they will fall behind if they don't use it to be quick too.

Personally I try not to use GenAI or AI outputs too much and I always understand the code or amend it before shopping or pushing. I would never push code I don't understand. Even if it takes me slightly  longer.

However, GenAI has abstracted away the boring tedious jobs like writing menial unit tests, writing documentation, and can help with debugging.

I think it can be really helpful as an assistant but only if you know what to ask and where to look. Similar to Stack Overflow and Google back in the day.... Everyone has Google but not everyone knows how to use it well... 

Also as a junior-mid-level engineer sometimes you don't want to ask stupid questions and having GenAI and Copilot can help you understand complicated code without asking seniors who are usually super busy (or risk embarrassing yourself).

But in my opinion it's isolating junior engineers/snr engs and society in general because people shouldn't be afraid of asking stupid questions it's how we learn. As I'm rising up in seniority I personally would much rather a junior ask me than ask chatgpt or gemini, even if I'm busy.

Also middle managers and csuite don't understand that AI can't replace engineers yet.. maybe super junior engineers but if you do that then the whole pipeline gets messed up. Who are going to be your senior engineers in 5-10 years if you replaced all your junior engineers with AI?

AI generated code honestly creates more headaches than anything too. The code it writes is usually too verbose and too convoluted to understand, and then people will use AI to debug AI 🤦🏻‍♀️","I would be interested in finding out the results of the survey and research. As well as the goal and hypothesis.

Thanks",5,3.27272727272727,3.90909090909091,4.28571428571429,1,1,1,0,3,3
27,"100","1405","True","2026-05-23 03:03:49","67194d1ba278571e0e4b6f87","26","Python","Closer to someone in their first programming job (Entry-Level)","160","","","","","","","","","","","","","","","","30.6","149.978","Return number2
Int main{
Number1=number2
Number2 = 15
If (number1 < number2){
 While (temp != 0){}
Temp = number1 + number2
}
}

Int compute(number1, number2){
Number2 = temp
Number1 = 20

If(number1 < number2)
Cout<< number1, number2
}","49.963","139.694","Return number2

Int main(){
Number1=number2
Number2= 15
}

Int compute(number1,number2){
Number2 = number1
Number1 = 20
Temp = number1 % number2

}","17.901","115.107","Return number2
Int main(){
number2 = number1
Number1 = 15
}

INT COMPUTE(N1,N2){
Number 1 = number2
Number2 = 20
If(number1 < number2)
Cout<< n1,n2
}","53.003","180.181","Return number2;
Int main(){
Number1=number2
Number2= 15
If(number1 < number2)
While(temp < 0){}

}

Int compute(number1,number2){
Number2=temp
Number1= 20
Temp = number1%number2
If(number2 < 0)
Cout << number1, number2

}","120.073","137.302","Return number 2
Int main(){
Number1=number2
}
Int compute(number1,number2){
number1=temp
Temp= number1%number2

If(temp!=0)
Cout<< (number1,number2)
}","Idk the code was not syntax valid","A","C","D","C",6,6,6,6,6,6,6,6,6,4,5,4,5,5,5,6,4,4,4,4,4,4,4,5,2,2,2,2,4,2,3,2,3,3,2,2,4,3,3,4,2,5,2,5,3,5,5,"Python","","Graduate or professional degree (MA, MS, MBA, PhD, JD, MD, DDS etc.) Please list the name of your degree(s).","","","","Software Developer/Software Engineer","","Male","","Hispanic or Latino","","Faster code write, but bad code organization","",5.5,3.54545454545455,2.81818181818182,3.85714285714286,1,0,1,1,3,2
28,"100","1972","True","2026-05-23 07:00:55","6880ea4cbbee9d1686606bab","40","Python","Closer to a senior programmer or software architect","240","82.5","180.119","

def compute(number1, number2)
    temp = number2
    while temp != 0:
        If number2 > number1:
            temp = number2
            number2 = number1
            number1 = temp

        temp = number1 % number2
        if temp != 0
            number2= temp
            number1 = number2

    return number2","102.27","180.011","def main():
    number1 = 20
    number2 = 15
    print(compute(number1, number2)

def compute(number1, number2)
    temp = number1
    while(number1 != 0):
        temp = number1
        number2 = number1
        number1 = temp

        temp = number2 % number1
        number1 = temp
        if number1 != 0:
            temp = number2
            number2 = number1
            number1 = temp","111.228","116.165","def main():
 print(compute(20, 15))

def compute(num1, num2):
 temp = num2
 while temp != 0:
  if num2 > num1:
   num1, num2 = num2, num1
  
  temp = num1 % num2

  if temp != 0:
    temp = num2
    num1, num2 = num2, num1

 return num2","29.162","144.467","def main():
 number1 = 20
 number2 = 15
 print(compute(number1, number2)

def compute(number1, number2):
 temp = number2
 while temp != 0:
  if number2 > number1:
   temp = number2
   number2 = number1
   number1 = temp

  temp = number1 % number2
  if temp != 0
   temp = number2
   number2 = number1
   number1 = temp

  return number2","88.302","137.374","def main():
 print(compute(20, 15))

def compute(num1, num2):
 temp = num1
 while temp != 0:
  num2, num1 = sorted([num1, num2])
  temp = num1 % num2

  if temp != 0:
   num1, num2 = num2, num1

  return num2","","","","","","","","","","","","","","","","finding the smallest denominator","A","D","D","C",5,6,5,5,6,6,5,5,5,6,6,6,6,5,5,6,3,2,1,2,1,2,2,3,2,2,2,9,5,5,3,6,6,5,7,7,8,8,9,7,4,4,4,4,4,3,4,"Python","","Bachelor’s degree. Please list the name of your degree(s)","","computer science","","Software Developer/Software Engineer","","Male","","White","","positive, productivity is boosted, engineers have no less work but can complete the work they have to a higher and more ambitious standard.","",5.5,2,6.27272727272727,3.85714285714286,1,1,1,1,4,4
29,"100","1697","True","2026-05-23 14:20:26","62f6a5e7bd056277be777c68","22","Java","Closer to the average or mid-level programmer","48","120.104","95.113","public static void main(){
int number1 = 20;
int number2 = 15;
System.out.print(compute(number1, number2));
}

public static int compute(int number1, int number2){
int temp = number1;
while(temp != 0){
if(number1 < number2){
temp = number1;
number1 = number2;
number2 = temp;
}

temp = number1 % number2;

if(temp != 0){
 number1 = number2;
number2 = temp;
}
}
return number2;
}","120.003","131.629","public static void main(){
int number1 = 20;
int number2 = 15;
System.out.print(compute(number1, number2));
}

public static int compute(int number1, int number2){
int temp = number1;
while(number1 !== 0){
if(number1 < number2){
temp = number1;
number1 = number2;
number2 = temp;
}

temp = number1 % number2;

if(temp !== 0){
number2 = number1;
number1 = temp;
}
}

return number2;
}
","120.006","97.931","public static void main(){
int number1 = 20;
int number2 = 15;
System.out.print(compute(int number1, int number2);
}

public static int compute(int number1, int number2){
int temp = number1;
while(temp != 0){
if(number1 < number2){
temp = number1;
number1 = number2;
number2 = temp;
}

temp = number1 % number2;

if(temp != 0){
number1 = number2;
number2 = temp;
}
}
return number2;
}","120.011","126.617","public static void main(){
int number1 = 20;
int number2 = 15;
System.out.print(compute(number1, number2));
}

public static int compute(int number1, int number2){
int temp = number1;
while(temp != 0){
if(number1 < number2){
temp = number1;
number1 = number2;
number2 = temp;
}

temp = number1 % number2;
if(temp != 0){
number1 = number2;
number2 = temp;
}


}
return number2;
}","120.104","180.006","public static void main(){
int num1 = 20;
int num2 = 15;
System.out.println(compute(num1, num2));
}

public static void computer(int num1, int num2){
int temp = num1;
while(num1 !== 0){
    if(num1 < num2){
       num1 = temp
       temp = num1;
       num2 = num1;
    }

    temp = num1 % num2;

    if(num1 > num2){
        num1 = num2;
        num2 = temp;
    }
}

return num2;
}","","","","","","","","","","","","","","","","I think the main function called a compute function that found the lowest number that wasn't mod-able. As in if you pass 20 and 15, eventually you would get back 5 because the other is 0. ","A","D","D","A",5,6,5,5,6,6,6,6,6,6,6,6,6,6,6,6,2,2,2,2,2,2,2,2,2,2,2,2,2,1,2,2,2,2,7,4,4,2,5,2,2,2,5,2,2,2,2,"TypeScript","","Bachelor’s degree. Please list the name of your degree(s)","","BsC in Computer Science","","Software Developer/Software Engineer","","Male","","White","","It effects programmers positively as it can make their jobs easier. It impacts it negatively because you can become lazy and start to not care about the quality that it produces. It also threatens some engineers jobs.","No",5.8125,2,3,2.42857142857143,1,1,1,0,3,3
30,"100","1384","True","2026-05-24 15:28:23","6883b538e7ccd3069937fe49","33","Python","Closer to the average or mid-level programmer","60","23.422","108.358","def main():
  number1 = 20
  number2 = 15
  print(compute(number1, number2))
def compute(number1, number2):
  temp = number1
  while temp != 0:
    if number1 < number2:
      temp = number1
      number1 = number2
      number2 = temp
    temp=number1%number2
    if temp!= 0:
      number1 = number2
      number2 = temp
    return number2","19.668","82.076","def main():
  number1 = 20
  number2 = 15
  print(compute(number1, number2))
def compute(number1, number2):
  temp = number1
  while temp!= 0:
    if number1 < number2:
      temp=number1
      number1 = number2
      number2 = temp
    temp=number1%number2
    if temp!=0:
      number1 = number2
      number2 = temp
    return number2","120.009","105.171","def main():
  number1 = 20
  number2 = 15
  compute(number1, number2)
def compute(number1, number2):
  temp = number 1
  while temp !=0:
    temp = number 1
    number1 = number2
    number2 = temp
  temp = number1%number2
","59.957","104.535","def main():
  number1 = 20
  number2 = 15
  print(compute(number1, number2))
def compute(number1, number2):
  temp = number1
  while temp != 0:
    if number1 < number 2:
      temp = number1
      number1 = number2
      number2 = temp
    temp=number1%number2
    if temp != 0:
      number1 = number 2
    return number2","17.711","99.891","def main():
  number1 = 20
  number2 = 15
  print(compute(number1, number2))
def compute(number1, number2):
  temp = number1
  while temp!=0:
    if number1 < number2:
      temp = number1
      number1 = number2
      number2 = temp
    temp = number1%number2
    if temp!= 0:
      number1 = number2
      number2 = temp
    return number2","","","","","","","","","","","","","","","","Computing the remainder of number1 divided by number 2, but checking that number1 is larger than number 2","A","D","D","C",5,6,5,5,5,6,5,4,5,6,6,6,6,5,5,6,3,2,3,3,2,2,2,2,1,1,2,1,1,1,1,1,1,1,1,1,1,1,1,1,2,3,4,4,5,4,5,"Python","","Graduate or professional degree (MA, MS, MBA, PhD, JD, MD, DDS etc.) Please list the name of your degree(s).","","","PhD","Other","","Male","","White","","I think it is negative in that it decreases students' use of critical thinking to understand the logical steps of programming. It can be great for efficiency.","",5.375,2.09090909090909,1,3.85714285714286,1,1,1,1,4,3
31,"100","986","True","2026-05-25 07:58:06","5aedb8ce49bb4c0001079640","30","Python","Closer to someone in their first programming job (Entry-Level)","36","","","","","","","","","","","","","","","","18.263","84.573","return number2;
int main() {
int number1;
number2 = 15;
if (number1 < number2) {
while(temp!=0) {
temp = number1;
number1 = 20'}}","120.109","35.799","return number2;
int main() {number2;
if number2 = 15;
","20.132","49.809","return number2;
int main() {
number1 = number2;
int number2 = 15;
if(number1 < number2) {
while(temp!=0) {
}","47.701","52.025","return number2;
int main() {
number1 = number2;
int number2 = 15;
if (number1 < number2) {
while(temp!=0) {
temp = number1
int temp = number1};
","56.638","25.65","return number2;
int main(){
number1=number2;
int number2 = 15;
if(number1 < number 2);
","It was computing the difference of two numbers as long as the first number was less than the second number and the temp value was not equal to 0","A","D","D","C",5,6,5,5,6,6,6,4,4,5,6,6,6,4,4,6,2,2,2,2,1,3,3,3,3,2,3,3,1,1,1,3,3,3,4,5,5,3,5,4,1,1,1,1,1,1,1,"Other","R","Graduate or professional degree (MA, MS, MBA, PhD, JD, MD, DDS etc.) Please list the name of your degree(s).","","","MBA","Other","Data Scientist","Female","","Asian","","I think it has a positive impact because it makes it much easier to debug or optimize code","I normally code in SQL and R. I tried to memorize each section at a time in the memory task",5.25,2.36363636363636,3.09090909090909,1,1,1,1,1,4,2
32,"100","3430","True","2026-05-25 13:10:56","5f4cd2a2a673208eda3a3f0a","24","Python","Closer to someone in their first programming job (Entry-Level)","60","80.585","180.006","def main():
    number1 = 20
    number2 = 15
    print(compute(number1, number2))
def compute(number1, number2):
    temp = number1
    while temp != 0:
        if number1 < number2:
            temp = number1
            number1 = number2
            number2 = temp
        temp = number1 % number2
        if temp != 0:
            number1 = number2
            number2 = temp
    return number2","66.815","180.007","def main():
    numer1= 20
    number2 = 15
    compute(number1, number2)
def compute(number1, number2):
    temp = number1
    while temp != 0:
        number1 = number2
        number2 = temp
        temp = number1 % number2
        if temp != 0:
            number1 = number2
            number2 = temp
        return number2","35.844","180.008","def main():
    number1=20
    number2=15
    print(compute(number1, number2))
def compute(number1, number2):
    temp = number1
    while temp != 0:
        if number1 < number2:
            temp = number1
            number1 = number2
            number2 = temp
        temp = number1 % number2
        if temp != 0:
            number1 = number2
            number2 = temp
        return number2","38.596","180.005","def main():
    number1 = 20
    number2 = 15
    print(compute(number1, number2))
def compute(number1, number2):
    temp = number1
    while temp != 0:
        if number1 < number2:
            temp = number1
            number1 = number2
            number2 = temp
        temp = number1 % number2
        if temp != 0:
            number1 = number2
            number2 = temp
        return number2","33.776","180.006","def main():
    number1 = 20
    number2 = 15
    print(compute(number1, number2))
def compute(number1, number2):
    temp = number1
    while temp != 0:
        if number1 < number2:
            temp = number1
            number1 = number2
            number2 = temp
        temp = number1 % number2
        if temp != 0:
            number1 = number2
            number2 = temp
    return number2","","","","","","","","","","","","","","","","The code was trying to get the module (%) of 2 numbers, if n1 was bigger than n2 would change, and then if the module didn't result at 0, then it would make the bigger number be the second, and the smaller number be the module of before, and repeats the process until module is 0, to then return the smaller number found.
But in practice I'm not sure what it was doing, probably some mathematical thing on which the algorithm i'm not familiar with","A","D","D","C",6,6,6,6,6,3,4,4,4,6,6,6,6,6,6,6,1,1,1,1,1,1,1,3,2,1,1,1,1,1,1,1,1,1,2,2,2,1,2,1,1,1,1,1,1,1,1,"Python","","Some high school or less,High school diploma or GED,Bachelor’s degree. Please list the name of your degree(s),Graduate or professional degree (MA, MS, MBA, PhD, JD, MD, DDS etc.) Please list the name of your degree(s).","","Computer Science","MS in Computer Science","Other","AI engineer","Male","","White","","Always depends on how it's used. Generative AI on CS should be a tool. A tool for learning, for helping to learn, and occasionally to fill boilerplate code that you already know what would be. It should (in my opinion) be used by teachers to help prepare classes, make them more interesting, appealing, interactive, etc..
And by students should only be used the same way you would interact with a teacher -> to get guidance and support, a teacher would never make the whole exercise for you.
In the workplace should be used for automation of repetitive, and highly predictable tasks, still with human supervision and maintainence once in a while.
It should not (in my opinion) be overused for important tasks with full autonomy, and only be used as a tool to help cover edge cases and warn about security problems when necessary.
But to answer your question, the way it is being used (and it's by design) it's affecting negatively most of programmers, because they replace learning by ""the AI does it for me"", which creates a dependency on it, lowers overall skilled programmers, and that's (I think) what most AI companies want.","How do you know ""how I think"" on the multiple choice questions that looked like IQ questions, if you didn't ask me at any point what was my reasoning for giving such answers?",5.4375,1.27272727272727,1.36363636363636,1,1,1,1,1,4,2
33,"100","3224","True","2026-05-26 10:49:04","64551d250ef342507eb0edf9","29","Python","Closer to the average or mid-level programmer","20","","","","","","","","","","","","","","","","26.355","17.074","while (temp! =0)","16.88","41.823","int number 2 = 15","28.89","17.538","temp = number1%number2","34.554","40.087","int temp = number1","96.595","53.71","if [temp!]0
number2= temp","running","C","C","C","B",5,3,3,3,5,5,3,2,2,3,3,4,3,3,4,4,1,1,1,1,1,3,1,1,1,2,2,1,1,1,1,1,1,1,1,1,1,1,1,1,1,1,2,1,2,1,2,"Python","","Bachelor’s degree. Please list the name of your degree(s)","","computer science","","Back End Developer/Engineer","","Male","","Black or African American","","It is positive in the way that it shows programmers what not to do when learning how to program, relying on generative ai for programming will cause massive errors in code","",3.4375,1.36363636363636,1,1.42857142857143,0,0,0,0,0,3
34,"100","1842","True","2026-05-26 15:30:50","65076c797ee85f5947193819","25","Python","Closer to the average or mid-level programmer","36","87.786","180.011","number1 = 20 
number2 = 15 
print compute(number1,number2)
def compute(number1, number 2)
if number1 < number 2 
   temp = number 1 
   number1 = number2 
   number 2 = temp


","49.27","106.053","def main(): 
number1=20
number2=20
print(compute(number1,number2))
def compute(): 
temp = number1
while temp !=0:
if number1 < number2
","120.01","180.012","def main(): 
 number1 = 20 
 number2 = 15 
 print(compute(number1, number2))
def compute(number1, number2): 
 temp = number1
 while temp 
","112.657","180.009","def main(): 
number1=20
number2=15
print(compute(number1,number2))
def compute(): 
 temp = number1
while temp !=0:
if n
","108.923","180.01","def main(): 
number1=20
number2=15
print(compute(number1,number2)
","","","","","","","","","","","","","","","","The code was checking to see if the temp was not 0 and then found the remainder of the two numbers ","A","D","D","A",5,6,5,6,6,6,6,6,6,6,6,6,6,6,6,6,2,1,1,1,1,1,1,1,1,1,1,4,1,1,1,1,1,1,4,5,7,6,7,5,1,1,6,1,1,2,2,"TypeScript","","Bachelor’s degree. Please list the name of your degree(s)","","BS Computer Science","","Software Developer/Software Engineer","","Female","","Hispanic or Latino","","It’s easy to find the answer you need but it doesn’t allow for brain stimulation","",5.875,1.09090909090909,3.18181818181818,2,1,1,1,0,3,3
35,"100","1202","True","2026-05-26 16:15:14","63ea4d64095b3286433ed52e","36","Python","Closer to someone still in school or learning to program","18","","","","","","","","","","","","","","","","19.887","40.431","return number2;
int number {}{
number1=number2{};
ifnumber2 < number1;
number temp < 0!;","45.525","21.314","int number2,
 int number{}2,
number =2","25.457","59.019","return number2;
int number {} {
number1:number2;
if temp number 1=0","29.651","67.332","return number2;
int number2
number2=number1{};
ifnumber2 < number1;
number temp < 0!;
iftempnumber 1;2 }","22.45","22.318","return number2;
int number {}
number1=number2","I'm not really sure, I think it was to do with measuring temperature","A","A","D","D",2,4,3,2,4,5,3,2,2,4,6,3,3,3,4,4,3,3,4,4,3,4,4,5,3,3,4,2,2,2,2,2,2,3,4,4,4,4,7,5,2,4,3,2,3,2,3,"Other","Powershell","Bachelor’s degree. Please list the name of your degree(s)","","History","","Systems Engineer","","Male","","White","","It has a place, but more to debug code rather than to write for you - gen AI runs the risk of programming becoming a lost skill as it does the work for you.","I am not a particularly proficient programmer and my memory is not great - hopefully my answers are helpful regardless!",3.375,3.63636363636364,3.27272727272727,2.71428571428571,1,0,1,0,2,1
36,"31","304","False","2026-05-26 21:24:33","","28","C++","Closer to the average or mid-level programmer","58","","","","","","","","","","","","","","","","","","","","","","","","","","","","56.09","180.13","Return int 
Public int main() {
Int number1 ","","","","","",NA,NA,NA,NA,NA,NA,NA,NA,NA,NA,NA,NA,NA,NA,NA,NA,NA,NA,NA,NA,NA,NA,NA,NA,NA,NA,NA,NA,NA,NA,NA,NA,NA,NA,NA,NA,NA,NA,NA,NA,NA,NA,NA,NA,NA,NA,NA,"","","","","","","","","","","","","","",NA,NA,NA,NA,0,0,0,0,0,3
37,"97","1551","False","2026-05-26 21:53:13","","28","C++","Closer to the average or mid-level programmer","58","32.68","124.147","int main(){
int number1 = 20;
int number2 = 15;
cout << Compute(number1, number2);
}
int compute(number1, number 2){
int temp = number1;
While(temp != 0) {
if(number1 << number2) {
temp = number1;
number1 = number2;
number2 = temp;
}
}
temp = number1 % number2;
while(temp != 0) {
number1 = number2;
number2 = temp;
}
}
return number2;
}","120.108","118.398","int main(){
int number1 = 20;
int number2 = 15;
cout << Compute(number1, number2);
}
int compute(number1, number2){
int temp = number1;
while(temp != 0) {
if(number1 < number 2){
temp = number1;
number1 = number2;
number2 = temp;
}
}
temp = number1 % number2;
}","120.013","180.004","int main() {
int number1 = 20;
int number2 = 15;
cout << Compute(number1, number2);
}
int computer(int number1, int number2){
int temp = number1;
while(temp != 0) {
temp = number1 % number 2;
number1 = 
}
}","30.862","130.932","int main(){
int number1 = 20;
int number2 = 15;
cout << Compute(number1, number2);
}
int compute(number1, number2){
int temp = number1;
while(temp != 0) {
if(number1 < number2) {
number1 = temp;
number1 = number2;
number2 = temp;
}
temp = number1 % number2;
while(temp != 0){
number1 = number2;
number2 = temp;
}
}
return number2;
}","38.776","109.653","int main() {
int number1 = 20;
int number2 = 15;
cout << Compute(number1, number2);
}
int Compute(int number1, int number2){
int temp = number1;
While(temp != 0) {
if(number1 < number2){
number1 = temp;
number1 = number2;
number2 = temp;
}
temp = number1 % number2;
While(temp != 0) {
number1 = number2;
number2 = temp;
}
}
Return number2;
}","","","","","","","","","","","","","","","","Trying to find the common modular number for 20 and 15","A","D","D","C",4,5,4,5,4,6,5,3,3,4,6,6,5,5,4,5,4,3,2,3,4,3,3,3,4,2,2,7,3,4,6,3,7,3,8,8,8,3,9,5,1,1,1,1,1,1,1,"C#","","Bachelor’s degree. Please list the name of your degree(s)","","Computer Arts & Sciences","","Software Team Lead or Manager","","Male","","White","","I think Generative AI can be harmful if introduced or used too soon as in my experience it seems that people become too reliant on it to complete any of their tasks rather than being comfortable with working on the issue themselves.","Including a timer on the first section might be helpful to understand how much time we have before moving us along.",4.625,3,5.63636363636364,1,1,1,1,1,4,3
38,"33","896","False","2026-05-27 14:43:16","6883a8504728f57551e8c82b","42","Python","Closer to someone in their first programming job (Entry-Level)","36","","","","","","","","","","","","","","","","","","","81.028","114.604","return number2;
int main() {
    number1 = number2;
    int number2 = 15;
    if (number1 < number2) {
        while (temp != 0) {
        }
        int temp = number1;
            temp = number1;
    }
    int compute(int number1, int number2) {
        number2 = temp;
        int number1 = 20;
            number1 = number2;
        cout << compute(number1, number2);
    }
        if (temp != 0) {
            number2 = temp;
        }
}","","","","91.529","180.125","int compute(int number1, int number2){
    int temp = number1;

    while(temp != 0){
        temp = number1 % number2;
        number1 = number2;

        if(temp != 0){
            number2 = temp;
        }
    }

    return number2;
}

int main(){
    int number1 = 20;
    int number2 = 15;

    if(number1 < number2){
        int temp = number1;
        number1 = number2;
        number2 = temp;","","","","","","","","",NA,NA,NA,NA,NA,NA,NA,NA,NA,NA,NA,NA,NA,NA,NA,NA,NA,NA,NA,NA,NA,NA,NA,NA,NA,NA,NA,NA,NA,NA,NA,NA,NA,NA,NA,NA,NA,NA,NA,NA,NA,NA,NA,NA,NA,NA,NA,"","","","","","","","","","","","","","",NA,NA,NA,NA,0,0,0,0,0,2
39,"49","2383","False","2026-05-27 15:01:19","5f8310cc97a96f4484b0dbdc","24","C++","Closer to someone in their first programming job (Entry-Level)","40","","","","","","","","","","","","","","","","120.107","180.18","number 1= number 2
int number 2 = 15
number1 = 20

cout <compute (number1. number2)","239.723","299.355","","155.265","262.254","return number2
int main
number 1=number 2
number 1 = 15
if number1<number2

while temp

number2=20
","239.741","299.798","","148.133","297.944","","","","","","",NA,NA,NA,NA,NA,NA,NA,NA,NA,NA,NA,NA,NA,NA,NA,NA,NA,NA,NA,NA,NA,NA,NA,NA,NA,NA,NA,NA,NA,NA,NA,NA,NA,NA,NA,NA,NA,NA,NA,NA,NA,NA,NA,NA,NA,NA,NA,"","","","","","","","","","","","","","",NA,NA,NA,NA,0,0,0,0,0,2
40,"33","111","False","2026-05-27 21:45:57","68890c84a7ce5cd6b451f6aa","39","C++","Closer to a senior programmer or software architect","115","","","","","","","","","","","","","","","","","","","","","","","","","","","","","","","","","","","",NA,NA,NA,NA,NA,NA,NA,NA,NA,NA,NA,NA,NA,NA,NA,NA,NA,NA,NA,NA,NA,NA,NA,NA,NA,NA,NA,NA,NA,NA,NA,NA,NA,NA,NA,NA,NA,NA,NA,NA,NA,NA,NA,NA,NA,NA,NA,"","","","","","","","","","","","","","",NA,NA,NA,NA,0,0,0,0,0,4
41,"15","120","False","2026-05-28 04:38:20","680dc9d524604b69fbc41814","62","Python","Closer to a senior programmer or software architect","480","","","","","","","","","","","","","","","","","","","","","","","","","","","","","","","","","","","",NA,NA,NA,NA,NA,NA,NA,NA,NA,NA,NA,NA,NA,NA,NA,NA,NA,NA,NA,NA,NA,NA,NA,NA,NA,NA,NA,NA,NA,NA,NA,NA,NA,NA,NA,NA,NA,NA,NA,NA,NA,NA,NA,NA,NA,NA,NA,"","","","","","","","","","","","","","",NA,NA,NA,NA,0,0,0,0,0,4
42,"44","156","False","2026-05-28 12:49:42","6698e52c91b31d66a9335c46","26","Python","Closer to someone in their first programming job (Entry-Level)","36","54.754","","","","","","","","","","","","","","","","","","","","","","","","","","","","","","","","","","",NA,NA,NA,NA,NA,NA,NA,NA,NA,NA,NA,NA,NA,NA,NA,NA,NA,NA,NA,NA,NA,NA,NA,NA,NA,NA,NA,NA,NA,NA,NA,NA,NA,NA,NA,NA,NA,NA,NA,NA,NA,NA,NA,NA,NA,NA,NA,"","","","","","","","","","","","","","",NA,NA,NA,NA,0,0,0,0,0,2
43,"10","41","False","2026-05-28 19:57:24","61bb396840db417c1a138e3d","43","Python","","","","","","","","","","","","","","","","","","","","","","","","","","","","","","","","","","","","","",NA,NA,NA,NA,NA,NA,NA,NA,NA,NA,NA,NA,NA,NA,NA,NA,NA,NA,NA,NA,NA,NA,NA,NA,NA,NA,NA,NA,NA,NA,NA,NA,NA,NA,NA,NA,NA,NA,NA,NA,NA,NA,NA,NA,NA,NA,NA,"","","","","","","","","","","","","","",NA,NA,NA,NA,0,0,0,0,0,NA
44,"33","268","False","2026-05-29 19:59:38","67744eda78a1f56fb706592c","44","Python","Closer to someone still in school or learning to program","60","120.015","55.431","def main:
    number1 = 20
    number2 = 15
    print(compute(number1, number2))
def compute:


return","","","","","","","","","","","","","","","","","","","","","","","","","","","","","","","","",NA,NA,NA,NA,NA,NA,NA,NA,NA,NA,NA,NA,NA,NA,NA,NA,NA,NA,NA,NA,NA,NA,NA,NA,NA,NA,NA,NA,NA,NA,NA,NA,NA,NA,NA,NA,NA,NA,NA,NA,NA,NA,NA,NA,NA,NA,NA,"","","","","","","","","","","","","","",NA,NA,NA,NA,0,0,0,0,0,1
45,"100","2288","True","2026-05-31 04:03:41","63d04d54715f377d4ee643d8","35","Python","Closer to a senior programmer or software architect","150","120.021","180.228","def main():
    number1 = 20
    number2 = 15
    print(compute(number1, number2))
def compute():
    temp = number1
    while temp != 0 :
        if number1 < number2:
            temp = number1
            number1 = number2
            number2 = temp
       temp = number1 % number2

        if temp != 0:
            number1 = number2
            number2 = temp
        return number2","120.13","180.082","def main():
    number1 = 20
    number2 = 15
    print(compute(number1, number2))
def compute():
    temp = number1
    while temp !=0:
        if number1 < number2:
            number2 = temp
            number1 = number2
            temp = number2 % number1
        if temp != 0:
            temp = number1
            number2 = temp
    return number2","120.133","180.116","def main():
    number1 = 20
    number2 = 15
    print(compute(number1, number 2))
def compute():
    temp = number1
    while temp != 0:
         if number1 < number 2:
             temp = number1
             number2 = temp
             number1 = number2
        temp = number1 % number2
        if temp != 0:
            number2 = temp
            temp = number1
        return number2","120.199","180.02","def main():
    number1 = 20
    number2 = 15
    print(compute(number1, number2))
def compute():
    temp = number1
   while temp != 0
       number2 = temp
       number1 = number2
       temp = number1 % number2
  return number2","120.123","180.121","def main():
    number1 = 20
    number2 = 15
    print(compute(number1, number2))
def main():
    temp = number1
    while temp !=0:
        if number1 < number2:
            temp = number1
            number1 = number2
            number2 = temp
       temp = number2 % number1
       if temp != 0:
           number2 = temp
           temp = number1
      return number2","","","","","","","","","","","","","","","","I actually didn't have time to fully understand what the code was doing since I was too focused on trying to remember. I just made a note to remember some of the steps, such as ensuring that number1 was always before than number2 before the modulo and always returning number2","A","D","D","C",4,6,5,3,5,6,5,5,6,5,6,6,6,6,6,6,3,3,3,4,3,3,2,2,3,3,2,8,4,1,1,3,4,3,4,1,1,1,3,1,5,5,2,5,5,5,5,"Other","Go","Graduate or professional degree (MA, MS, MBA, PhD, JD, MD, DDS etc.) Please list the name of your degree(s).","","","","DevOps Engineer","","Male","","Asian","","If used properly, it can improve their efficiency and help them to learn too. But if you just ask the AI to write the code for you and copy paste it, the code will probably have errors and you won't learn anything]
","",5.375,2.81818181818182,2.36363636363636,4.57142857142857,1,1,1,1,4,4
46,"33","115","False","2026-05-31 13:24:37","674cd7aa7a66f0af6840794d","29","Python","Closer to a senior programmer or software architect","120","","","","","","","","","","","","","","","","","","","","","","","","","","","","","","","","","","","",NA,NA,NA,NA,NA,NA,NA,NA,NA,NA,NA,NA,NA,NA,NA,NA,NA,NA,NA,NA,NA,NA,NA,NA,NA,NA,NA,NA,NA,NA,NA,NA,NA,NA,NA,NA,NA,NA,NA,NA,NA,NA,NA,NA,NA,NA,NA,"","","","","","","","","","","","","","",NA,NA,NA,NA,0,0,0,0,0,4
47,"15","36","False","2026-05-31 18:09:58","59d6c710cfaf7400016113a1","34","Python","Closer to someone still in school or learning to program","1","","","","","","","","","","","","","","","","","","","","","","","","","","","","","","","","","","","",NA,NA,NA,NA,NA,NA,NA,NA,NA,NA,NA,NA,NA,NA,NA,NA,NA,NA,NA,NA,NA,NA,NA,NA,NA,NA,NA,NA,NA,NA,NA,NA,NA,NA,NA,NA,NA,NA,NA,NA,NA,NA,NA,NA,NA,NA,NA,"","","","","","","","","","","","","","",NA,NA,NA,NA,0,0,0,0,0,1
48,"100","2134","True","2026-06-02 12:18:16","68892626185fec0f0ef5a624","38","Python","Closer to the average or mid-level programmer","240","","","","","","","","","","","","","","","","120.003","180.103","    return number2;
int main() {
    number1 = number2;
int number2 = 15;
if (number1 < number2){
    while(temp !=0){
}
}
}
int compute(number1, int number2){
int temp = number2;
   while(temp < number1){
}
cout << compute(number1, number2)
}","120.205","180.004","    return number2;
int main() {
    number1 = number 2;
int number2 =5;
if (number1 < numbver2){
      while(temp1 !< 0){
}
}
}
int compute(int num,ber1, int number2){
int temp = number1;
cout << compute(number1, number2)
}","120.02","180.104","    return number2;
int main() {
    number1 = number2;
  int number1 = 15;
if(number1){
}
return number1
}
Int compute(int number1, int number2){
    number1 = number 2
}","120.136","180.104","    return number2;
int main(){
    number1 =number2;
int number2 = 15;
  if(number1 < number2){
while(temp != 0){

}
}
}

int compute(int number1, int number1){
int temp = number1 * number2
}","120.005","180.004","return number1
int main() {
  number1 = number2
}
int compute(int number1, int number2) {
  int temp = 1
}","Absolutely nothing. It was a mess. Not sure it would even compile. The formatting was horrendous and hard to read. ","A","D","D","C",6,6,4,4,6,5,5,4,4,6,6,6,6,6,6,6,3,2,3,3,3,1,3,3,2,4,2,2,3,7,2,3,3,2,3,2,10,3,6,2,2,2,3,3,4,2,3,"Python","","Bachelor’s degree. Please list the name of your degree(s)","","Computer Science","","DevOps Engineer","","Male","","Asian","","Not sure if it would be great in the class room but at work I use it everyday. I do worry that I'm relying on it more and more, but as ever in this industry it's adapt or die.
","The copy the program one is one of the most boring things I've done.",5.375,2.63636363636364,4,2.71428571428571,1,1,1,1,4,3
49,"100","3004","True","2026-06-03 06:24:25","650b9dab197926f037eb4531","58","Python","Closer to the average or mid-level programmer","19","120.116","180.111","def main():
number1 = 20
number2 = 15
print(compute(number1, number2):
temp = number1
while temp !=0:
if number1 < number2:
temp = number1
number1 = number2
number2 = temp
if temp !=0
number1 = number2
number2 = temp
return number2","120.012","180.014","def main():
number1 = 20
number2 = 15
print(compute(number1, number2)):
def compute (number1, number2):
temp = number1
while temp !=0:
if number1 <number2:
temp = number1
number1 = number2
number2 = temp
temp = number1 % number2
if temp !=0:
number1 = number2
number2 = temp
return number2","120.01","180.114","def main()
number1 = 20
number2 = 15
print(compute(number1, number2)):
temp = number1
while temp !=0:
if number1 < number2:
temp = number1
number1 = number 2
number2 = temp
temp = number1 % number2
if temp !","120.011","180.013","def main():
number1 = 20
number2  =15
print(compute(number1, number2))
def compute(number1, number2):
temp = number1;
do while temp !=0
if number1 > number","120.014","180.014","def main():
number1 = 20
number2 = 15
print(compute(number1, number2))
def compute(number1, number2):
while temp != 0:
if number1 < number2:
temp = number","","","","","","","","","","","","","","","","the code should calculate the greatest common divisor (GCD) of the given two numbers (20 and 15)using the Euclidean algorithm","A","D","D","C",5,6,5,5,6,6,5,4,5,5,5,5,5,4,4,6,2,3,3,3,2,2,2,4,2,4,3,1,1,2,1,2,3,1,2,2,4,1,4,2,4,4,5,5,5,5,5,"JavaScript","","Bachelor’s degree. Please list the name of your degree(s)","","Bachelor's of Science majoring Information systems","","Software Developer/Software Engineer","","Male","","Black or African American,Middle Eastern or North African","","I think Generative AI is a game changer as it will significantly affect the way we learn and work. I think it will make programming more accessible to many people who would've otherwise think programming is not their cup of tea!","No. Thanks for the opportunity to take part in your study. Good luck",5.0625,2.72727272727273,2.09090909090909,4.71428571428571,1,1,1,1,4,3
50,"33","72","False","2026-06-04 10:27:03","5eb126c5f13db7000855c7b7","30","Python","Closer to the average or mid-level programmer","48","","","","","","","","","","","","","","","","","","","","","","","","","","","","","","","","","","","",NA,NA,NA,NA,NA,NA,NA,NA,NA,NA,NA,NA,NA,NA,NA,NA,NA,NA,NA,NA,NA,NA,NA,NA,NA,NA,NA,NA,NA,NA,NA,NA,NA,NA,NA,NA,NA,NA,NA,NA,NA,NA,NA,NA,NA,NA,NA,"","","","","","","","","","","","","","",NA,NA,NA,NA,0,0,0,0,0,3
51,"10","87","False","2026-06-04 16:12:11","5f32397f6eeae117b7b66456","50","Java","","","","","","","","","","","","","","","","","","","","","","","","","","","","","","","","","","","","","",NA,NA,NA,NA,NA,NA,NA,NA,NA,NA,NA,NA,NA,NA,NA,NA,NA,NA,NA,NA,NA,NA,NA,NA,NA,NA,NA,NA,NA,NA,NA,NA,NA,NA,NA,NA,NA,NA,NA,NA,NA,NA,NA,NA,NA,NA,NA,"","","","","","","","","","","","","","",NA,NA,NA,NA,0,0,0,0,0,NA
52,"100","1438","True","2026-06-05 08:24:48","6888f9cda7d9b73a7b912114","33","Python","Closer to someone still in school or learning to program","12","38.494","180.003","def main():
  number1 = 20
  number2 = 15
  print(compute(number1,number2))
def compute([number1,number2]):
  temp = number1
  while temp != 0:
    if number1 < number2:
      temp = number1
      number1 = number2
      number2 = temp
    temp = number1 % number2
    if temp != 0:
      number1 = number2
      number2 = temp
   return number2","32.08","180.002","def main():
  number1 = 20
  number2 = 15
  print(compute(number1,number2))
def compute(number1,number2):
  temp = number1
  while temp != 0:
    if number1 < number2:
      temp = number1
      number1 = number2
      number2 = temp
    temp = number1 % number2
    if temp != 0:
      temp = number1
      number1 = number2
    return number2","120.003","180.108","def main():
  number1 = 20
  number2 = 15
  print(compute(number1,number2))

def compute([number1,number2]):
  temp = number1
  while(temp != 0)
    if (number1 > number2)
      temp = 1
      number1 = 1
      number2 = 1
    else 
      temp = 2
     
    endif
  endwhile","27.882","127.078","def main():
  number1 = 20
  number2 = 15
  print(compute(number1,number2))
def compute():
  temp = number1
  while temp != 0:
    if number1 < number2:
      temp = number1
      number1 = number2
      number2 = temp
    temp = number1 % number2
    if temp != 0:
      number1 = number2
      number2 = temp
    return number2","17.119","118.061","def main():
  number1 = 20
  number2 = 15
  print(compute(number1,number2))
def compute():
  temp  = number1
  while temp != 0:
    if number1 < number2:
      temp = number1
      number1 = number2
      number2 = temp
    temp = number1 % number2
    if temp != 0:
      number1 = number2
      number2 = temp
    return number2","","","","","","","","","","","","","","","","I think the code was used to figure out if the larger number divided by the smaller number has a remainder.","A","C","D","C",5,5,4,4,5,4,4,3,4,6,6,6,6,5,4,6,3,1,1,1,1,2,3,3,2,1,2,2,2,2,2,2,2,2,2,2,2,4,2,2,1,2,3,1,5,2,3,"Other","PHP","Bachelor’s degree. Please list the name of your degree(s),Graduate or professional degree (MA, MS, MBA, PhD, JD, MD, DDS etc.) Please list the name of your degree(s).","","IT for Education BSc","Creative Media MA","Web Developer/Engineer","","Male","","White","","In a positive way: GenAI can be used to quickly and efficiently present a solution to problems, perhaps in a way the user hasn't yet thought of.

In a negative way: It is far too easy for people to rely on GenAI and stop training their brain.","",4.8125,1.81818181818182,2.18181818181818,2.42857142857143,1,0,1,1,3,1
53,"100","1425","True","2026-06-05 09:44:23","55a1321efdf99b6ec83c214e","35","Python","Closer to a senior programmer or software architect","120","120.007","180.017","def main:
    number1 = 20
    number2 = 15
    compute(number1, number2)
def compute(number1, number2):
    while temp != 0:
        if number1 < number2:
            temp = number1
            number1 = number2
            number2 = temp
        temp = number2 % number1
        if temp != 0:
            number1 = number2
            number2 = temp","18.295","132.054","def main():
    number1 = 20
    number2 = 15
    print(compute(number1, number2))
def compute(number1, number2):
    temp = number1
    while temp != 0:
        if number1 < number2:
            temp = number1
            number1 = number2
            number2 = temp
        temp = number1 % number2
        if temp != 0:
            number1 = number2
            number2 = temp
    return number2","45.212","128.329","def main():
    number1 = 20
    number2 = 15
    print(compute(number1, number2)
def compute(number1, number2):
    temp = number1
    while temp != 0:
        if number1 < number2:
            temp = number1
            number1 = number2
            number2 = temp
        temp = number1 % number2
        if temp != 0:
            number1 = number2
            number2 = temp
    return number2","62.029","98.758","def main():
    number1 = 20
    number2 = 15
    print(compute(number1, number2))
def compute(number1, number2):
   temp = number1
    while temp != 0:
        if number1 < number2:
            temp = number1
            number1 = number2
            number2 = temp
        temp = number1 % number2
        if temp != 0:
            number1 = number2
            number2 = temp
    return number2","49.069","160.014","def main():
    number1 = 20
    number2 = 15
    print(compute(number1, number2))
def compute(number1, number2):
    temp = number1
    while temp != 0:
        if number1 < number2:
            temp = number1
            number1 = number2
            number2 = temp
        temp = number1 % number2
        if temp != 0:
            temp = number1
            number2 = temp
    return number2","","","","","","","","","","","","","","","","It was taking 2 numbers, if number1 couldn't be divided by number2 it was swapping their positions. Then it was dividing the bigger number by the smaller number until there was no remainder (it divided equally). It then returned the smaller number.","A","D","D","C",5,5,5,5,5,4,3,4,5,5,6,6,6,5,5,5,1,1,1,2,1,2,2,2,2,1,1,1,1,1,1,1,1,3,2,1,1,1,2,1,1,1,1,1,1,2,1,"TypeScript","","Graduate or professional degree (MA, MS, MBA, PhD, JD, MD, DDS etc.) Please list the name of your degree(s).","","","MSc Software Development","Software Developer/Software Engineer","","Male","","White","","I am sick to death of hearing about GenAI and being forced to use it. I think it is making people very complacent and when the AI bubble bursts a lot of companies and software engineers are going to be struggling.","I am not a fan of GenAI professionally or personally.",4.9375,1.45454545454545,1.36363636363636,1.14285714285714,1,1,1,1,4,4
54,"100","2290","True","2026-06-05 15:38:16","65b292c0dfaa776ac2075ef4","38","Python","Closer to a senior programmer or software architect","120","","","","","","","","","","","","","","","","33.465","177.853","return number2;
int main() {
 int number1 = number2;
 int number2 = 20;
 while(temp !=0) {
   temp = number1;
}
if(number1<number){ 
    compute(number1,number2)
}
int compute(int number1, int number2) {
    number2=20;
    temp = number1 % number2;
    cout<<????
}
}","104.665","86.95","return number2
int main(number1, number2) {
  int number1 = number2
  while(temp !=0) {
    temp = number1
  }

  int compute(number1, number2) {
     temp = number1 % number2
  }
}","100.376","155.967","return number2;
int main() {
   int number1 = number2;
   int number2 = 20;
   if(number1 < number2) {
      while(temp !=0) {
      }
   }

   int compute(int number1, int number2) {
      number2 = 15;
      temp = number1%number2;
      cout<<compute(number1, number2);
  }
}","120.014","176.639","return number2;
int main() {
int number1 = number2;
int number2 = 15;
if(number1 < number2) {
while(temp !=0) {
}
}

int compute(int number1, int number2) {
   number2 = 20;
   temp = number1 % number2;
   cout<<compute(number1, number2) 
}","89.142","161.277","return number2;
int main(int number1, int number2) {
   number1 = 15;
   if(number1 < number2) {
      while(temp !=0) {
           // ???
      }
   }

    int compute(int number1, int number2) {
       temp = number2 % number1;
       cout << compute(number1, number2);
    }
    // ???
}","I'm not sure this code would actually run, given the brace structure (but that might just have been the awkward indentation making it hard to follow) but it looks as though it would print out remainder of 2 integers divided by one another.","A","A","D","C",6,6,5,5,6,6,5,4,6,6,6,6,6,6,6,6,3,1,2,3,3,3,2,3,2,1,3,5,7,6,3,3,2,2,6,6,6,1,8,5,4,4,4,4,4,5,4,"TypeScript","","High school diploma or GED","","","","Software Developer/Software Engineer","","Male","","White","","Very positive in the workplace as it much improves time to delivery of features, and the level of completeness with which features can be shipped (in terms of overall documentation, testing etc)

I imagine harmful in an education environment, as it's very confident even when it's wrong, and can often implement things inefficiently or ad-hoc in terms of the patterns and techniques it employs, which if you don't have the experience or knowledge to shepherd against can result in a disorganised mess over time.","The indentation on the code example was pretty off-putting, not sure if that's by design to make it harder to memorise or not, though!",5.6875,2.36363636363636,4.54545454545455,4.14285714285714,1,0,1,1,3,4
55,"100","1232","True","2026-06-08 14:23:37","676577111a2aa70fbd942084","30","Python","Closer to the average or mid-level programmer","36","","","","","","","","","","","","","","","","74.23","87.882","return number =2;
     int main():
          number1 = 2
          number2 = 3
     number1 < number2
    temp != 0
","41.247","62.372","return number2;
    int main():
        number1 = 15;
    if (number1 > number 2):
        temp != 0;
  ","19.888","98.401","return number 2;
 int main(){
              number1  = number2;
    int number2 = 15;
  if (number 1 > number2)
 while(temp !=0)
}","21.192","139.316","     return number2;
int main(){
                number 1 = number 2;
  if (number1 < number 2){
       while(temp !=0){

} 

    int temp =0
}


}","63.619","125.059","      return number2;
     int main(){
          number 2 = 15;
    if(number1 < number2){
       while(temp !=0){}
 int temp =  number 1


}
}","Swapping or sorting of numbers while using temp file.","B","D","B","C",6,6,6,6,5,6,5,5,5,5,5,5,6,5,5,6,1,1,1,1,1,1,1,1,1,1,1,1,1,1,1,2,2,2,2,2,3,3,3,2,5,6,1,1,5,3,3,"Python","","Bachelor’s degree. Please list the name of your degree(s),Graduate or professional degree (MA, MS, MBA, PhD, JD, MD, DDS etc.) Please list the name of your degree(s).","","","","Back End Developer/Engineer","","Female","","Black or African American","","It helps to be more productive.","",5.4375,1,2,3.42857142857143,0,1,0,1,2,3
56,"100","2951","True","2026-06-09 15:58:56","676f0ec8ea4254c4597b62ba","34","Python","Closer to the average or mid-level programmer","120","27.402","179.344","def main[]:
     number1 = 20
      number2 = 15
      print[compute[number1,number2]:
      temp = number1
      while temp!=0
      if number1 < number2:
      number1 = number2
      number2 = temp
      temp = number1 % number2","120.01","180.109","def main[]
     number1 = 20
     number2 =15
     print[compute[number1, number2]]
def compute(number1, number2]:
     temp = number1
      while temp = 0:
","120.009","179.374","def main[]:
     number1 =20
number2 =15
print[compute[number1,number2]]
def compute[number1,number2]:
temp = number1
while temp != 0:
if number1 < number1
temp = number1
number1 = number2
number2 = temp
temp = number1 % number2
if temp!=0:
number1","120.11","179.766","def main[]:
    number1 = 20
    number2 = 15
    print[compute[number1,number2]]
    def compute[number1 number2]
    temp = number1
    while temp ! = 0:
     if number1 < number2
     temp = number1
     number1 = number2
     number2 = temp
     temp =
   ","17.802","178.971","def main[]:
    number1 = 20
    number2 =15
    print [compute[number1, number2]:
def compute[number1.number2]:
     temp = number1
     number1 = number2
     number2 = temp
     temp = number1
    ","","","","","","","","","","","","","","","","The code is finding the greatest common divisor of two numbers using the Euclidean algorithm.","A","D","C","B",5,5,5,5,5,5,5,5,5,5,5,5,5,5,5,5,1,1,2,1,1,1,1,2,1,1,2,1,1,1,1,1,1,1,1,1,1,2,1,1,2,1,1,1,1,1,1,"Python","","Prefer not to say","","","","Other","Lecturer Computer Science","Male","","Black or African American","","I think Generative AI is helpful because it can improve productivity, support learning and help programmers solve problems faster. However people should not rely on it too much because it can sometimes give incorrect answers or reduce critical thinking skills. Overall I see it as a useful support tool rather than a replacement for human thinking.","The tasks were engaging and encourage logical thinking, pattern recognition, and problem solve. I also found the question about AI and education interesting because they explored both technical and practical perspectives.",5,1.27272727272727,1.09090909090909,1.14285714285714,1,1,0,0,2,3
57,"100","2135","True","2026-06-10 05:54:49","6017d3a6c1146da27427ca87","24","Python","Closer to someone in their first programming job (Entry-Level)","68","","","","","","","","","","","","","","","","25.537","250.475","return number 2","50.009","174.329","return number2;
int main() {
number1 = number2;
int number2 = 15;
if (number1 > nurnber2) (
while (temp == 0) {
int temp = number1;
temp = number1
int compute(int number1, int number2) {
number2 = temp;
int number1 = 15;
temp = number1% number2;
number1 = number2;
cout << compute(number1 number2);
if (temp == 0)
number2 = temp;","19.665","88.624","return number2;
int main() {
number1 = number2;
int number2 = 15;
if (number1 < nurnber2) (
while (temp = 0) {
int temp = number1;
temp = number1;
int compute(int number1, int number2) {
int number1 = 20;
temp =;
number1 = number2;
cout << compute(number1, number2);
","20.373","113.755","return number 2
int main() {
number 1 = number 2
int number 2 = 15
if (number 2 > number1){
while(){
}
}
int = number 1
number 1
int compute{
number 1 = 20
cout << computer(number1, number2)
}
}","239.706","167.911","return number2;
int main() {
numberl = number2;
int number2 = 15;
if (numberl < nurnber2) (
while (temp O) {
int temp = numberl;
temp = numberl;
int compute(int numberl, int number2) {
number2 = temp;
int number1 = 20;
temp = number1 % number2;
number1 = number2;
cout << compute(number1, number2);
if (temp O)
number2 = temp;","biggest divider the euclides","A","A","D","B",4,5,5,4,6,4,4,5,2,4,5,4,4,4,4,5,4,3,3,4,4,3,2,5,3,4,2,3,1,3,2,3,3,3,2,4,8,6,8,4,2,2,3,2,3,3,2,"Python","","Some high school or less,High school diploma or GED,Some college, but no degree,Associates or technical degree. Please list the name of your degree(s),Bachelor’s degree. Please list the name of your degree(s)","engineering degree","engineering degree","","Software Developer/Software Engineer","","Female","","White","","generative ai becomes an important tool in both computer science education and my workplace. in my opinion it has many benefits but also creates challenges that programmers need to be aware of. it can helps programmers work more efficiently but it's important to remember that you can't be too dependent on it","",4.3125,3.36363636363636,3.90909090909091,2.42857142857143,1,0,1,0,2,2
